image_id,crop_width,crop_height,ground_truth,ground_truth_norm,raw_ocr_output,normalized_raw_ocr_output,allowlist_ocr_output,normalized_allowlist_output,raw_confidence,allowlist_confidence,raw_latency_ms,allowlist_latency_ms,exact_match_before,exact_match_after,normalized_match_before,normalized_match_after,prediction_changed,normalized_changed,improved,degraded
0b86cecf-67d1-4fc0-87c9-b36b0ee228bb,99,49,YG9X2G,YG9X2G,YG9-X2G,YG9X2G,YG9AX2G,YG9AX2G,0.6498,0.5601,84.73,37.61,False,False,True,False,True,True,False,True
12c6cb72-3ea3-49e7-b381-e0cdfc5e8960,62,31,0SG719,0SG719,056*719,056719,056P719,056P719,0.3445,0.3233,22.77,22.5,False,False,False,False,True,True,False,False
1e241dc8-8f18-4955-8988-03a0ab49f813,63,31,CCLVN3,CCLVN3,CcLV <,CCLV,COLVF8,COLVF8,0.1062,0.1088,19.19,19.87,False,False,False,False,True,True,False,False
21d8c31d-3deb-494b-9c63-c0223306fd82,58,29,2DA044,2DA044,@daco44,DACO44,EDA6044,EDA6044,0.2558,0.212,23.48,34.06,False,False,False,False,True,True,False,False
22e54a62-57a8-4a0a-88c1-4b9758f67651,58,29,SL7C6S,SL7C6S,5L7 CGs,5L7CGS,5L7CGS,5L7CGS,0.5147,0.5936,20.02,19.95,False,False,False,False,True,False,False,False
316b64c0-55bf-4079-a1c0-d93f461a576f,179,89,K179658,K179658,K1z 9658,K1Z9658,K179658,K179658,0.8006,0.9813,63.03,61.82,False,True,False,True,True,True,True,False
33fa5185-0286-4e8f-b775-46162eba39d4,58,29,R820503,R820503,ReZ  0503,REZ0503,R9ZI0507,R9ZI0507,0.4368,0.184,35.3,23.1,False,False,False,False,True,True,False,False
37170dd1-2802-4e38-b982-c5d07c64ff67,66,33,6HP995,6HP995,GHp 995,GHP995,GHP4995,GHP4995,0.3668,0.3564,32.86,32.03,False,False,False,False,True,True,False,False
3850ba91-3c64-4c64-acba-0c46b61ec0da,57,28,HK0E7C,HK0E7C,HKonezo,HKONEZO,HKOE70,HKOE70,0.085,0.3699,35.55,23.15,False,False,False,False,True,True,False,False
4be2025c-09f7-4bb0-b1bd-8e8633e6dec1,61,30,UF2V5S,UF2V5S,(F24V55,F24V55,6F24V55,6F24V55,0.4156,0.4489,23.11,22.85,False,False,False,False,True,True,False,False
5b562a61-34ad-4f00-9164-d34abb7a38e4,57,28,91A4ZA,91A4ZA,9ia 4ZA,9IA4ZA,9IA4ZA,9IA4ZA,0.1341,0.1914,22.94,22.82,False,False,False,False,True,False,False,False
7fbfbe28-aecb-45be-bd05-7cf26acb3c5c,61,30,KC4Z3X,KC4Z3X,,,,,0.0,0.0,11.31,11.76,False,False,False,False,False,False,False,False
a03ced3f-5a97-4e75-8106-fabfd2b8b76e,60,30,08E6CK,08E6CK,OBE6CK,OBE6CK,OBE6CK,OBE6CK,0.314,0.3959,23.26,23.12,False,False,False,False,False,False,False,False
c9368c55-210d-456c-a5ef-c310e60039ec,60,30,UH1F0F,UH1F0F,VhLeoe,VHLEOE,VHLEQ,VHLEQ,0.032,0.241,28.72,19.92,False,False,False,False,True,True,False,False
car1,115,57,627WWI,627WWI,WashmGot 627,WASHMGOT627,WASHMGO4 627,WASHMGO4627,0.2247,0.3825,97.19,98.53,False,False,False,False,True,True,False,False
car11,82,41,DG3C8P,DG3C8P,dg3 C8p,DG3C8P,0G3C8P,0G3C8P,0.1265,0.4719,31.87,32.14,False,False,True,False,True,True,False,True
car12,154,77,5UVR090,5UVR090,SEP Kolma SUVRO9O] WalM Jcwaani,SEPKOLMASUVRO9OWALMJCWAANI,SEP K0A SUVRO9OR WM J6W6,SEPK0ASUVRO9ORWMJ6W6,0.2622,0.2655,143.69,145.0,False,False,False,False,True,True,False,False
car13,256,128,EMR7094,EMR7094,EMR 7094 26,EMR709426,EMR7094 26,EMR709426,0.7153,0.7107,124.86,124.84,False,False,False,False,True,False,False,False
car14,113,56,980YTB,980YTB,90_YTB,90YTB,900YTBL,900YTBL,0.2743,0.2641,53.29,39.15,False,False,False,False,True,True,False,False
car15,121,60,KCS1M,KCS1M,KcSIA,KCSIA,KCSIA,KCSIA,0.2838,0.5901,35.06,35.03,False,False,False,False,True,False,False,False
car16,87,43,002HHM,002HHM,ddzehhH,DDZEHHH,D2EHHH,D2EHHH,0.271,0.2363,37.67,36.24,False,False,False,False,True,True,False,False
car17,68,34,L781601,L781601,Eeim,EEIM,EEI0,EEI0,0.0139,0.0595,48.02,49.33,False,False,False,False,True,True,False,False
car18,78,39,SB3X6N,SB3X6N,ISB3XBN,ISB3XBN,ISB3XBN,ISB3XBN,0.1981,0.3031,36.25,36.86,False,False,False,False,False,False,False,False
car19,295,147,378DXR,378DXR,378 DXRI LAMBORGHIN,378DXRILAMBORGHIN,378DXRI LAMBORGHIN,378DXRILAMBORGHIN,0.7899,0.8826,184.94,176.08,False,False,False,False,True,False,False,False
car2,86,43,1049338,1049338,1049338,1049338,1049338,1049338,0.9998,0.9998,34.79,35.12,True,True,True,True,False,False,False,False
car20,76,38,YG8E4F,YG8E4F,YG8 E 4F],YG8E4F,YGE4F,YGE4F,0.2962,0.8566,34.54,46.19,False,False,True,False,True,True,False,True
car21,63,31,YF2L6G,YF2L6G,V2l6o,V2L6O,V266,V266,0.0394,0.0991,36.37,35.26,False,False,False,False,True,True,False,False
car22,55,27,CH0P8Y,CH0P8Y,,,,,0.0,0.0,12.94,12.74,False,False,False,False,False,False,False,False
car3,121,60,1AMW240,1AMW240,MNzaU,MNZAU,MNZ4U,MNZ4U,0.0792,0.4505,42.56,35.01,False,False,False,False,True,True,False,False
car5,87,43,59CADI,59CADI,59.CAdi ccllcC,59CADICCLLCC,59CADI CCGCE,59CADICCGCE,0.1979,0.5012,64.6,51.35,False,False,False,False,True,True,False,False
car6,81,40,AKS4329,AKS4329,JKS.4329,JKS4329,JKS54329,JKS54329,0.2798,0.4884,36.37,37.3,False,False,False,False,True,True,False,False
car7,194,97,10DTM,10DTM,Newlersey 8n) 10 DT Msg Vehicle KeR _,NEWLERSEY8N10DTMSGVEHICLEKER,NWJSY B7F 10DTM59 VEHICLEKFR0,NWJSYB7F10DTM59VEHICLEKFR0,0.3299,0.5057,149.15,131.38,False,False,False,False,True,True,False,False
car8,68,34,FZRULZ,FZRULZ,FZ_RULZ,FZRULZ,FZRULZ,FZRULZ,0.7312,0.825,32.98,34.13,False,True,True,True,True,False,False,False
car9-0,145,72,133GZD,133GZD,ARIZON p123620,ARIZONP123620,ARIZON 0123620,ARIZON0123620,0.613,0.6532,72.64,73.8,False,False,False,False,True,True,False,False
car9-1,187,93,ASC7399,ASC7399,VASC7399,VASC7399,VASC7399,VASC7399,0.2608,0.5507,63.29,63.22,False,False,False,False,False,False,False,False
car9-2,96,48,4639520,4639520,[663 9520,6639520,16639520,16639520,0.2744,0.5355,37.37,35.87,False,False,False,False,True,True,False,False
car9-4,111,55,ANW2529,ANW2529,Ji2529,JI2529,JA2529,JA2529,0.1061,0.1577,38.91,38.7,False,False,False,False,True,True,False,False
car9-5,132,66,AYX8803,AYX8803,KhayKbbO3],KHAYKBBO3,KAYKBBO3,KAYKBBO3,0.0175,0.2019,68.18,55.38,False,False,False,False,True,True,False,False
car9-7,137,68,ASV9218,ASV9218,68su9218,68SU9218,685U9218,685U9218,0.0682,0.0997,67.25,66.76,False,False,False,False,True,True,False,False
car9-9,91,45,AVP2403,AVP2403,MAUP24O3,MAUP24O3,MAUP24O3,MAUP24O3,0.4962,0.5319,34.4,34.25,False,False,False,False,False,False,False,False
car9,119,59,PE3R2X,PE3R2X,PEZAR2X,PEZAR2X,PE3AR2X,PE3AR2X,0.1306,0.5944,49.97,38.15,False,False,False,False,True,True,False,False
cfaa9dd2-a388-4e92-bb3a-ae65c28d8139,52,26,KL3B8K,KL3B8K,Fl3 Bak,FL3BAK,FL3BAK,FL3BAK,0.1099,0.2489,21.59,20.59,False,False,False,False,True,False,False,False
d4f79480-366a-40b6-ab2c-328bcba705b2,71,35,FB5X8T,FB5X8T,FBS XeT,FBSXET,F05XOT,F05XOT,0.3331,0.4806,44.77,33.31,False,False,False,False,True,True,False,False
e73fd200-7ba4-4725-9d1d-2ec710864df6,135,67,8FV480,8FV480,8FV-480,8FV480,8FV2480,8FV2480,0.8656,0.7321,54.67,54.98,False,False,True,False,True,True,False,True
f0a3b8c0-198a-471b-9ca9-345c3dd28073,67,33,HB8X9J,HB8X9J,HBB X9 ],HBBX9,HBBLX9J,HBBLX9J,0.1662,0.189,52.44,33.44,False,False,False,False,True,True,False,False
f8fc5e59-9083-466b-ae3f-6b869a0b257b,64,32,UH1F0F,UH1F0F,VhLToE,VHLTOE,VLTOE,VLTOE,0.0118,0.0469,29.41,28.34,False,False,False,False,True,True,False,False
us1,159,79,4PCI264,4PCI264,LPCIZGL,LPCIZGL,LPCIZGL,LPCIZGL,0.9173,0.9587,58.97,59.24,False,False,False,False,False,False,False,False
us10,251,125,CC2881,CC2881,WASHINGTON; DC CC= 2881 TAXATION WIthout REPRESENTATION,DCCC2881TAXATIONWITHOUTREPRESENTATION,WASHINGTONDC CCZ2881 TAXATIONWITHOUTREPRESENTATION,DCCCZ2881TAXATIONWITHOUTREPRESENTATION,0.6838,0.7821,168.92,176.91,False,False,False,False,True,True,False,False
us2,112,56,EUS664,EUS664,EUSm664,EUSM664,EUSM664,EUSM664,0.4255,0.3652,43.35,43.2,False,False,False,False,True,False,False,False
us3,92,46,9185914,9185914,918 5914,9185914,9185914,9185914,0.2367,0.9996,40.8,51.15,False,True,True,True,True,False,False,False
us4,156,78,520MRK,520MRK,~Akansas 520 MRK Ihc MIuraI State,A520MRKIHCMIURAISTATE,PAKSS 520MRK IMIUGAISAE,PAKSS520MRKIMIUGAISAE,0.6523,0.4877,147.58,138.5,False,False,False,False,True,True,False,False
us5,227,113,NEILDMND,NEILDMND,NETLDMND ~MMANLUAMO; DTAN,NETLDMNDMMANLUAMODTAN,NETLDMND VMMANLUAMORDTAN,NETLDMNDVMMANLUAMORDTAN,0.1436,0.1744,171.4,184.1,False,False,False,False,True,True,False,False
us6,216,108,HL0KTY1,HL0KTY1,HLO KTY1,HLOKTY1,HLOKTY1,HLOKTY1,0.3576,0.496,94.87,92.66,False,False,False,False,True,False,False,False
us7,293,146,5VCF203,5VCF203,JUK 'boJAno SVCF203,JUKBOJANOSVCF203,JUK GJA0 SVCF203,JUKGJA0SVCF203,0.3654,0.456,188.2,176.4,False,False,False,False,True,True,False,False
us8,329,164,EAZ6913,EAZ6913,NEW YORK EAZ-6913 THE EMPIRE STATE,EAZ6913THEEMPIRESTATE,NEWYORK EAZA6913 THEEMPIRESTATE,NEWYORKEAZA6913THEEMPIRESTATE,0.7766,0.8557,254.71,251.28,False,False,False,False,True,True,False,False
wts-lg-000010,115,57,HH9G5W,HH9G5W,HH? G5w,HHG5W,HHSG5W,HHSG5W,0.2297,0.3516,49.87,50.99,False,False,False,False,True,True,False,False
wts-lg-000011,114,57,MF2Y8X,MF2Y8X,'V8X MFz,V8XMFZ,V8X MF2,V8XMF2,0.3387,0.6912,43.82,44.61,False,False,False,False,True,True,False,False
wts-lg-000012,120,60,CK0A1F,CK0A1F,V <,V,XOE9,XOE9,0.1048,0.0174,52.04,51.65,False,False,False,False,True,True,False,False
wts-lg-000013,119,59,DH5X9P,DH5X9P,DUS_XoP,DUSXOP,DUSXOP,DUSXOP,0.1822,0.5014,50.73,51.26,False,False,False,False,True,False,False,False
wts-lg-000014,90,45,DG2Z6U,DG2Z6U,3C2 TEU,3C2TEU,3C2TEU,3C2TEU,0.0754,0.134,45.77,45.68,False,False,False,False,True,False,False,False
wts-lg-000016,110,55,DL3C2Z,DL3C2Z,DLbeC2Z,DLBEC2Z,DLSC2Z,DLSC2Z,0.2126,0.3989,39.47,39.08,False,False,False,False,True,True,False,False
wts-lg-000017,136,68,7FR971,7FR971,7FR-971,7FR971,7FR5971,7FR5971,0.5356,0.2108,57.73,56.12,False,False,True,False,True,True,False,True
wts-lg-000018,92,46,CG2H2U,CG2H2U,^ ^,,6,6,0.0214,0.1841,47.06,49.11,False,False,False,False,True,True,False,False
wts-lg-000020,136,68,R107555,R107555,R1 7555,R17555,R17555,R17555,0.3519,0.6103,56.38,57.4,False,False,False,False,True,False,False,False
wts-lg-000021,72,36,BGB3282,BGB3282,BCB-3282,BCB3282,BCB3282,BCB3282,0.837,0.8829,33.8,34.25,False,False,False,False,True,False,False,False
wts-lg-000022,67,33,FNY881,FNY881,Fiyeee1,FIYEEE1,F801,F801,0.1004,0.539,46.62,36.58,False,False,False,False,True,True,False,False
wts-lg-000023,91,45,AU41257,AU41257,,,,,0.0,0.0,22.11,23.14,False,False,False,False,False,False,False,False
wts-lg-000024,117,58,P602849,P602849,IpGh 'ZFL9|,IPGHZFL9,IPGD ZFL91,IPGDZFL91,0.1661,0.3395,43.87,44.42,False,False,False,False,True,True,False,False
wts-lg-000025,75,37,TZC207,TZC207,IZC 207,IZC207,IZC207,IZC207,0.5674,0.9022,33.95,33.37,False,False,False,False,True,False,False,False
wts-lg-000026,95,47,ML0C2S,ML0C2S,1C29,1C29,1C29,1C29,0.2614,0.503,31.44,30.23,False,False,False,False,False,False,False,False
wts-lg-000027,134,67,SG8L7E,SG8L7E,SG8 ZE,SG8ZE,SG8 ZE,SG8ZE,0.3965,0.6759,60.91,61.24,False,False,False,False,False,False,False,False
wts-lg-000028,149,74,SK2W6K,SK2W6K,SkK2 Wek,SKK2WEK,SK2W6K,SK2W6K,0.2805,0.6334,56.84,56.94,False,True,False,True,True,True,True,False
wts-lg-000029,76,38,AYE132,AYE132,Faye: 132,FAYE132,F4YE132,F4YE132,0.2173,0.3461,34.21,34.67,False,False,False,False,True,True,False,False
wts-lg-000030,71,35,FK2X2Z,FK2X2Z,TK2kzz,TK2KZZ,TK2KZ,TK2KZ,0.0498,0.1954,48.27,36.59,False,False,False,False,True,True,False,False
wts-lg-000031,95,47,FE9N6K,FE9N6K,FE9-NGK,FE9NGK,FE9NGK,FE9NGK,0.4388,0.6454,35.79,35.98,False,False,False,False,True,False,False,False
wts-lg-000032,80,40,21A1BX,21A1BX,2inIBX,2INIBX,21AIBX,21AIBX,0.2585,0.4537,35.32,31.73,False,False,False,False,True,True,False,False
wts-lg-000033,82,41,PK2V6M,PK2V6M,Pk2 Vei,PK2VEI,PK2VGM,PK2VGM,0.1219,0.4062,36.15,35.11,False,False,False,False,True,True,False,False
wts-lg-000034,61,30,HK5R9C,HK5R9C,Hks-R9C,HKSR9C,HKSTR9C,HKSTR9C,0.364,0.3704,24.9,24.78,False,False,False,False,True,True,False,False
wts-lg-000035,58,29,XNR374,XNR374,XNR,XNR,XNR,XNR,0.3668,0.3809,20.6,21.66,False,False,False,False,False,False,False,False
wts-lg-000036,63,31,TTP488,TTP488,TTP_488,TTP488,TTP488,TTP488,0.5071,0.6153,24.88,24.63,False,True,True,True,True,False,False,False
wts-lg-000037,66,33,RDN464,RDN464,RDN  464,RDN464,RDN464,RDN464,0.3806,0.6196,35.21,35.67,False,True,True,True,True,False,False,False
wts-lg-000038,74,37,78188,78188,'7e180_,7E180,78180,78180,0.2236,0.629,31.15,31.8,False,False,False,False,True,True,False,False
wts-lg-000039,63,31,VLX039,VLX039,X039,X039,X039,X039,0.6597,0.7423,25.27,25.25,False,False,False,False,False,False,False,False
wts-lg-000040,88,44,WD2R9B,WD2R9B,MD2-R9B,MD2R9B,MD2JR9B,MD2JR9B,0.2928,0.1291,33.68,35.14,False,False,False,False,True,True,False,False
wts-lg-000041,92,46,5LTA600,5LTA600,5L JI4LI,5LJI4LI,5LJI4LI,5LJI4LI,0.0217,0.0444,47.3,49.01,False,False,False,False,True,False,False,False
wts-lg-000042,72,36,SK5K9V,SK5K9V,Sv,SV,SV,SV,0.0687,0.1644,42.35,56.78,False,False,False,False,True,False,False,False
wts-lg-000043,90,45,FB8R4T,FB8R4T,FBOGRAT,FBOGRAT,FBOGRAT,FBOGRAT,0.1663,0.236,35.09,34.25,False,False,False,False,False,False,False,False
wts-lg-000044,74,37,AJK7551,AJK7551,,,,,0.0,0.0,24.52,24.3,False,False,False,False,False,False,False,False
wts-lg-000045,79,39,HF4Y3B,HF4Y3B,IHFFA YSBL,IHFFAYSBL,IHFFAYSBL,IHFFAYSBL,0.1991,0.3993,35.07,35.2,False,False,False,False,True,False,False,False
wts-lg-000046,76,38,BFN8484,BFN8484,HFM 8484,HFM8484,HFMF8484,HFMF8484,0.3715,0.2782,35.32,35.75,False,False,False,False,True,True,False,False
wts-lg-000047,56,28,CLT0108,CLT0108,CLT Diog,CLTDIOG,CLTD108,CLTD108,0.2197,0.1831,25.64,24.88,False,False,False,False,True,True,False,False
wts-lg-000048,74,37,FE5R2D,FE5R2D,FFE5 R2D,FFE5R2D,FFE5R2D,FFE5R2D,0.149,0.5868,34.97,36.08,False,False,False,False,True,False,False,False
wts-lg-000049,74,37,WG4L2M,WG4L2M,NGa 124,NGA124,NGA124,NGA124,0.1117,0.1886,39.19,39.15,False,False,False,False,True,False,False,False
wts-lg-000050,67,33,HB6L0Z,HB6L0Z,HB6 Loz,HB6LOZ,HB6LOZ,HB6LOZ,0.404,0.732,43.17,38.12,False,False,False,False,True,False,False,False
wts-lg-000051,98,49,PJ2X1V,PJ2X1V,PJZeXiV,PJZEXIV,PJZXIV,PJZXIV,0.2888,0.5956,40.55,39.64,False,False,False,False,True,True,False,False
wts-lg-000052,68,34,DK7J8G,DK7J8G,pK7-JbG,PK7JBG,0K7EJBG,0K7EJBG,0.2319,0.1414,37.0,35.24,False,False,False,False,True,True,False,False
wts-lg-000053,67,33,TNP222,TNP222,222,222,222,222,0.9923,0.9928,31.18,31.49,False,False,False,False,False,False,False,False
wts-lg-000055,99,49,TRZ951,TRZ951,Taz 95i],TAZ95I,TZ9517,TZ9517,0.1248,0.3694,51.56,50.89,False,False,False,False,True,True,False,False
wts-lg-000056,90,45,SZA679,SZA679,SZA_6791,SZA6791,SZA6791,SZA6791,0.3279,0.5525,35.83,35.58,False,False,False,False,True,False,False,False
wts-lg-000057,108,54,YBW23,YBW23,YBIZJ,YBIZJ,YBIEJE,YBIEJE,0.4464,0.1096,46.94,38.92,False,False,False,False,True,True,False,False
wts-lg-000058,52,26,CEMENT0,CEMENT0,,,,,0.0,0.0,14.86,14.02,False,False,False,False,False,False,False,False
wts-lg-000059,94,47,WXW835,WXW835,IWXW 8351,IWXW8351,IWXW8351,IWXW8351,0.1716,0.2747,35.91,36.05,False,False,False,False,True,False,False,False
wts-lg-000060,113,56,TVG399,TVG399,IVG 399,IVG399,IVG399,IVG399,0.2349,0.5641,40.07,39.21,False,False,False,False,True,False,False,False
wts-lg-000061,73,36,DK2Z5S,DK2Z5S,@K2oz5s,K2OZ5S,DK26Z5S,DK26Z5S,0.104,0.2933,35.61,35.73,False,False,False,False,True,True,False,False
wts-lg-000062,82,41,GT679A,GT679A,~616794,616794,F616794,F616794,0.1313,0.1344,34.17,34.59,False,False,False,False,True,True,False,False
wts-lg-000063,81,40,FA8M7S,FA8M7S,Ea? M7S,EAM7S,E48M7S,E48M7S,0.1149,0.283,35.07,35.23,False,False,False,False,True,True,False,False
wts-lg-000064,96,48,UH1N2A,UH1N2A,VHichza,VHICHZA,VHICHZA,VHICHZA,0.2445,0.3751,34.82,35.12,False,False,False,False,True,False,False,False
wts-lg-000065,110,55,AC0M7V,AC0M7V,ACOMHTV,ACOMHTV,ACOMHTV,ACOMHTV,0.456,0.5134,39.92,39.43,False,False,False,False,False,False,False,False
wts-lg-000066,97,48,SGTE5,SGTE5,SGT-E5,SGTE5,SGTE5,SGTE5,0.2449,0.5452,37.62,37.37,False,True,True,True,True,False,False,False
wts-lg-000067,63,31,8951283,8951283,8951203,8951203,8951203,8951203,0.4101,0.4807,26.23,25.67,False,False,False,False,False,False,False,False
wts-lg-000068,59,29,N359973,N359973,[352573,352573,0352573,0352573,0.1564,0.1481,24.72,24.97,False,False,False,False,True,True,False,False
wts-lg-000069,81,40,TWF220,TWF220,thF  2203,THF2203,THF62203,THF62203,0.1052,0.1072,36.32,34.74,False,False,False,False,True,True,False,False
wts-lg-000070,110,55,WXY184,WXY184,WXY 184,WXY184,WXY 184,WXY184,0.6421,0.7047,46.78,44.36,False,False,True,True,False,False,False,False
wts-lg-000071,60,30,WSG979,WSG979,VS6979,VS6979,VS6979,VS6979,0.2674,0.3672,22.39,21.68,False,False,False,False,False,False,False,False
wts-lg-000072,59,29,WTC249,WTC249,,,,,0.0,0.0,13.09,12.51,False,False,False,False,False,False,False,False
wts-lg-000073,94,47,5VDA555,5VDA555,svda555,SVDA555,510A555,510A555,0.4301,0.2971,34.67,34.13,False,False,False,False,True,True,False,False
wts-lg-000074,120,60,AG6V1W,AG6V1W,ag6-V LW,AG6VLW,AG6VLW,AG6VLW,0.125,0.3752,38.84,40.39,False,False,False,False,True,False,False,False
wts-lg-000075,95,47,6LKR481,6LKR481,GLKRL8L,GLKRL8L,GLKRL8L,GLKRL8L,0.2937,0.3122,33.92,35.39,False,False,False,False,False,False,False,False
wts-lg-000076,103,51,4GLS168,4GLS168,LGLS169],LGLS169,LGLS169,LGLS169,0.2258,0.4636,40.66,38.91,False,False,False,False,True,False,False,False
wts-lg-000077,107,53,5ZUC921,5ZUC921,15Z4c921,15Z4C921,15Z4C921,15Z4C921,0.1983,0.2304,40.3,40.55,False,False,False,False,True,False,False,False
wts-lg-000078,92,46,5EZP631,5EZP631,SEZP631,SEZP631,SEZP631,SEZP631,0.6183,0.6206,33.92,36.82,False,False,False,False,False,False,False,False
wts-lg-000079,95,47,FD7U4U,FD7U4U,04U,04U,04U,04U,0.4901,0.5776,32.52,32.01,False,False,False,False,False,False,False,False
wts-lg-000080,111,55,YD6L3C,YD6L3C,Vd6 L3C,VD6L3C,V06L3C,V06L3C,0.2945,0.6566,40.23,38.82,False,False,False,False,True,True,False,False
wts-lg-000082,85,42,CJUJ79,CJUJ79,,,,,0.0,0.0,23.67,23.08,False,False,False,False,False,False,False,False
wts-lg-000083,82,41,N2427E,N2427E,N24 27E,N2427E,N24 27E,N2427E,0.9394,0.9734,38.44,39.9,False,False,True,True,False,False,False,False
wts-lg-000084,98,49,5AEA911,5AEA911,SHEA?11,SHEA11,SHEA911,SHEA911,0.3208,0.3736,40.49,38.48,False,False,False,False,True,True,False,False
wts-lg-000085,80,40,5DJ0529,5DJ0529,BDu0529,BDU0529,BD30529,BD30529,0.1619,0.4138,34.56,35.46,False,False,False,False,True,True,False,False
wts-lg-000086,99,49,ATGL04,ATGL04,,,,,0.0,0.0,27.88,28.63,False,False,False,False,False,False,False,False
wts-lg-000087,98,49,383WJP,383WJP,,,,,0.0,0.0,28.14,29.49,False,False,False,False,False,False,False,False
wts-lg-000088,55,27,CCV020,CCV020,,,,,0.0,0.0,14.26,13.35,False,False,False,False,False,False,False,False
wts-lg-000089,50,25,YF2U68,YF2U68,ye24u68,YE24U68,YF24468,YF24468,0.2247,0.31,24.29,25.92,False,False,False,False,True,True,False,False
wts-lg-000090,91,45,MH6V4L,MH6V4L,HHG,HHG,HHG,HHG,0.2499,0.4525,39.56,33.8,False,False,False,False,False,False,False,False
wts-lg-000091,64,32,MJ3R1V,MJ3R1V,,,,,0.0,0.0,15.0,12.88,False,False,False,False,False,False,False,False
wts-lg-000094,103,51,CJ8P4V,CJ8P4V,JbPAV,JBPAV,JBPAV,JBPAV,0.1454,0.3483,44.7,44.31,False,False,False,False,True,False,False,False
wts-lg-000095,73,36,4FCW533,4FCW533,Lecl531,LECL531,WEC4631,WEC4631,0.0368,0.1318,45.87,34.66,False,False,False,False,True,True,False,False
wts-lg-000096,80,40,CJ1P5G,CJ1P5G,LJgpsq,LJGPSQ,LJ4P5,LJ4P5,0.0981,0.3631,47.02,36.38,False,False,False,False,True,True,False,False
wts-lg-000097,90,45,R589789,R589789,P5b  97891,P5B97891,P5897891,P5897891,0.0893,0.4301,46.3,69.7,False,False,False,False,True,True,False,False
wts-lg-000098,86,43,UG9L8U,UG9L8U,jug9 Leu,JUG9LEU,JG9L8U,JG9L8U,0.1575,0.5863,96.87,40.17,False,False,False,False,True,True,False,False
wts-lg-000099,83,41,UG9L8U,UG9L8U,JG9 Leu,JG9LEU,JG9LBU,JG9LBU,0.6298,0.5507,34.85,35.73,False,False,False,False,True,True,False,False
wts-lg-000100,95,47,SH0R7X,SH0R7X,SholRZX,SHOLRZX,SHOLRZX,SHOLRZX,0.3222,0.8766,35.42,34.77,False,False,False,False,True,False,False,False
wts-lg-000101,95,47,SH0R7X,SH0R7X,Sr RZXE,SRRZXE,SHRZXE,SHRZXE,0.3619,0.5469,34.39,35.82,False,False,False,False,True,True,False,False
wts-lg-000102,77,38,DL9E1U,DL9E1U,DL9 ELU,DL9ELU,DL9ELU,DL9ELU,0.8155,0.8356,38.05,37.05,False,False,False,False,True,False,False,False
wts-lg-000106,72,36,3MVV252,3MVV252,BMVV252,BMVV252,BMVV252,BMVV252,0.2774,0.3037,35.8,35.58,False,False,False,False,False,False,False,False
wts-lg-000113,114,57,AG4V3U,AG4V3U,:.,,MENE,MENE,0.0047,0.0076,51.03,51.4,False,False,False,False,True,True,False,False
wts-lg-000115,137,68,HH9G5W,HH9G5W,HHS SSW,HHSSSW,HHSSSW,HHSSSW,0.5076,0.64,71.2,68.88,False,False,False,False,True,False,False,False
wts-lg-000117,98,49,D315771,D315771,021'57,02157,02157,02157,0.1423,0.3596,36.79,34.59,False,False,False,False,True,False,False,False
wts-lg-000118,81,40,853FL,853FL,17853FL,17853FL,17853FL,17853FL,0.1552,0.2591,37.34,35.33,False,False,False,False,False,False,False,False
wts-lg-000119,83,41,6RJN062,6RJN062,GRINO62,GRINO62,GRINO621,GRINO621,0.2463,0.1656,35.28,35.57,False,False,False,False,True,True,False,False
wts-lg-000120,86,43,5CJP303,5CJP303,SCJP303,SCJP303,SCJP303,SCJP303,0.8408,0.8843,34.97,35.05,False,False,False,False,False,False,False,False
wts-lg-000121,76,38,6MMD595,6MMD595,GKhd595,GKHD595,GKKD595,GKKD595,0.1686,0.3412,35.07,34.86,False,False,False,False,True,True,False,False
wts-lg-000122,86,43,DK0H7Z,DK0H7Z,Jdko H7Z,JDKOH7Z,JDKOH7Z,JDKOH7Z,0.2742,0.4727,47.23,45.42,False,False,False,False,True,False,False,False
wts-lg-000123,86,43,6XIU641,6XIU641,GXiu641,GXIU641,GXIU641,GXIU641,0.2429,0.4591,35.22,35.14,False,False,False,False,True,False,False,False
wts-lg-000124,79,39,5NCP692,5NCP692,SNCP692,SNCP692,SNCP692,SNCP692,0.7457,0.8141,36.24,35.26,False,False,False,False,False,False,False,False
wts-lg-000125,79,39,5TQY867,5TQY867,5ToY867,5TOY867,5TQY867,5TQY867,0.4465,0.6362,34.1,34.5,False,True,False,True,True,True,True,False
wts-lg-000126,71,35,6NZT067,6NZT067,GNZT0g7,GNZT0G7,GNZT0G7,GNZT0G7,0.2572,0.4461,36.77,34.01,False,False,False,False,True,False,False,False
wts-lg-000127,84,42,5AZL613,5AZL613,5AZL613 |,5AZL613,5AZL6131,5AZL6131,0.5416,0.2498,33.33,34.87,False,False,True,False,True,True,False,True
wts-lg-000128,83,41,6MMD595,6MMD595,GMMd595,GMMD595,GMMD595,GMMD595,0.1831,0.739,49.9,36.35,False,False,False,False,True,False,False,False
wts-lg-000129,143,71,CRK4732,CRK4732,TEXAS CRK-4732,CRK4732,TEXAS CRKH4732,CRKH4732,0.8361,0.6668,71.6,74.26,False,False,True,False,True,True,False,True
wts-lg-000130,85,42,6PGM335,6PGM335,Lepgm335|,LEPGM335,LGPGM3351,LGPGM3351,0.1998,0.4217,35.32,34.35,False,False,False,False,True,True,False,False
wts-lg-000131,82,41,00256M1,00256M1,00256h1,00256H1,0025651,0025651,0.3224,0.4778,34.54,35.13,False,False,False,False,True,True,False,False
wts-lg-000132,80,40,7AHN739,7AHN739,QAHN739,QAHN739,QAHN739,QAHN739,0.4693,0.4826,35.61,35.62,False,False,False,False,False,False,False,False
wts-lg-000133,84,42,5L0D951,5L0D951,6L.0d9511,6L0D9511,6L0D9511,6L0D9511,0.2162,0.2683,36.28,35.44,False,False,False,False,True,False,False,False
wts-lg-000134,90,45,6WAW786,6WAW786,RGwaw786),RGWAW786,RGNAW7867,RGNAW7867,0.0761,0.2885,46.43,34.11,False,False,False,False,True,True,False,False
wts-lg-000135,134,67,CWM3083,CWM3083,TEAS (CYH;30837,TEASCYH30837,TEAS CYH30837,TEASCYH30837,0.3286,0.3984,69.42,69.09,False,False,False,False,True,False,False,False
wts-lg-000136,140,70,CYZ5139,CYZ5139,TEXAS CYZ-5139 DGaleA SALES,CYZ5139DGALEASALES,TEXAS CYZH5139 DGAMEASALES,CYZH5139DGAMEASALES,0.6689,0.5929,106.6,108.76,False,False,False,False,True,True,False,False
wts-lg-000137,140,70,CWW2245,CWW2245,TEXAS CHH-2245,CHH2245,TEXAS CHH2245,CHH2245,0.7262,0.7331,67.42,69.26,False,False,False,False,True,False,False,False
wts-lg-000138,117,58,DD4C591,DD4C591,LiS DD4-C591,LISDD4C591,LS DD4LC591,LSDD4LC591,0.2869,0.2441,50.41,50.47,False,False,False,False,True,True,False,False
wts-lg-000139,73,36,1268205,1268205,612.68205],61268205,61268205,61268205,0.5045,0.5847,35.85,33.99,False,False,False,False,True,False,False,False
wts-lg-000140,85,42,6MDU097,6MDU097,GHDU0?7,GHDU07,GHDU097,GHDU097,0.594,0.4534,36.47,35.21,False,False,False,False,True,True,False,False
wts-lg-000141,83,41,1365847,1365847,1365847,1365847,1365847,1365847,0.974,0.9743,35.18,34.78,True,True,True,True,False,False,False,False
wts-lg-000142,97,48,5TGN556,5TGN556,Ftgn556,FTGN556,FTGN556,FTGN556,0.1764,0.4914,40.22,40.33,False,False,False,False,True,False,False,False
wts-lg-000143,89,44,3127K,3127K,13127K9,13127K9,13127K9,13127K9,0.2938,0.4608,33.83,35.97,False,False,False,False,False,False,False,False
wts-lg-000144,140,70,CWW2245,CWW2245,TEXAS CHU-2245,CHU2245,TEXAS CHU22451,CHU22451,0.5862,0.6148,72.66,72.03,False,False,False,False,True,True,False,False
wts-lg-000145,81,40,4KBZ265,4KBZ265,LKBZ2 65,LKBZ265,LKBZ265,LKBZ265,0.5239,0.9726,54.85,35.39,False,False,False,False,True,False,False,False
wts-lg-000146,77,38,4EEU387,4EEU387,LffI387,LFFI387,LFFI387,LFFI387,0.1902,0.4741,36.13,34.5,False,False,False,False,True,False,False,False
wts-lg-000147,73,36,8D79882,8D79882,8079882,8079882,8079882,8079882,0.9422,0.9429,37.79,36.36,False,False,False,False,False,False,False,False
wts-lg-000148,89,44,6TIX874,6TIX874,LTIXBZL,LTIXBZL,LTIXBZL,LTIXBZL,0.4297,0.434,35.2,34.78,False,False,False,False,False,False,False,False
wts-lg-000149,86,43,6MWF778,6MWF778,GMWEZze,GMWEZZE,GMWEZZ0,GMWEZZ0,0.0788,0.3009,41.58,31.45,False,False,False,False,True,True,False,False
wts-lg-000150,89,44,6WHS906,6WHS906,[6whs906,6WHS906,I6VHS906,I6VHS906,0.3925,0.1925,34.77,39.44,False,False,True,False,True,True,False,True
wts-lg-000151,79,39,5RIN962,5RIN962,SRiN962,SRIN962,SRIN962,SRIN962,0.3962,0.9701,37.23,36.83,False,False,False,False,True,False,False,False
wts-lg-000152,80,40,6UNP953,6UNP953,GUNP953],GUNP953,GUNP9531,GUNP9531,0.7526,0.64,36.5,34.92,False,False,False,False,True,True,False,False
wts-lg-000154,95,47,1366026,1366026,1366026,1366026,1366026,1366026,0.7769,1.0,34.97,35.97,True,True,True,True,False,False,False,False
wts-lg-000155,129,64,CYZ5139,CYZ5139,TEXAS CYZ-5139 FEEREd,CYZ5139FEERED,TEXAS CYZH5139 FEERE,CYZH5139FEERE,0.5548,0.4183,155.83,155.0,False,False,False,False,True,True,False,False
wts-lg-000156,80,40,5TZA419,5TZA419,5TZAL19,5TZAL19,5TZAL19,5TZAL19,0.6582,0.7259,34.81,34.68,False,False,False,False,False,False,False,False
wts-lg-000157,85,42,7EAV033,7EAV033,ZFAV033,ZFAV033,ZFAV033,ZFAV033,0.316,0.3513,36.92,35.57,False,False,False,False,False,False,False,False
wts-lg-000158,138,69,CWM2998,CWM2998,TEXAS CHH-2998,CHH2998,TEXAS CHHF2998,CHHF2998,0.9551,0.7451,75.27,75.84,False,False,False,False,True,True,False,False
wts-lg-000159,105,52,59E21P1,59E21P1,59321P1,59321P1,59321P1,59321P1,0.865,0.8661,40.92,39.82,False,False,False,False,False,False,False,False
wts-lg-000160,88,44,8S16841,8S16841,8516841,8516841,8516841,8516841,0.9904,0.9907,33.89,35.24,False,False,False,False,False,False,False,False
wts-lg-000161,101,50,75061H1,75061H1,[6x 75061h1|,6X75061H1,I6A 75061H17,I6A75061H17,0.2571,0.1585,63.05,62.65,False,False,False,False,True,True,False,False
wts-lg-000162,141,70,CN2X798,CN2X798,TEXHS CN2+K798,TEXHSCN2K798,TEXHS CN22K798,TEXHSCN22K798,0.4037,0.6593,72.01,75.9,False,False,False,False,True,True,False,False
wts-lg-000163,103,51,CDK575,CDK575,CpK 575|,CPK575,CDK5757,CDK5757,0.1562,0.2129,42.84,42.46,False,False,False,False,True,True,False,False
wts-lg-000164,136,68,BSB0399,BSB0399,TEXAS BSB-0399,BSB0399,TEXAS BSB0399,BSB0399,0.63,0.6524,70.99,71.96,False,False,True,True,True,False,False,False
wts-lg-000165,141,70,CGT2069,CGT2069,TEXAS CGT-2069,CGT2069,TEXAS CGTF2069,CGTF2069,0.9854,0.8399,74.09,74.73,False,False,True,False,True,True,False,True
wts-lg-000166,76,38,4NZZ935,4NZZ935,4Nzz935,4NZZ935,4NZ2935,4NZ2935,0.622,0.4398,33.14,35.21,False,False,True,False,True,True,False,True
wts-lg-000167,95,47,7AWV401,7AWV401,7AwVLO1,7AWVLO1,7AWVLO1,7AWVLO1,0.4772,0.6363,35.48,35.34,False,False,False,False,True,False,False,False
wts-lg-000168,163,81,RZN384,RZN384,RZN 384,RZN384,RZN384,RZN384,0.7864,0.904,68.29,69.57,False,True,True,True,True,False,False,False
wts-lg-000169,90,45,47366J1,47366J1,L7366.J1,L7366J1,L7366J1,L7366J1,0.5892,0.8748,34.89,35.26,False,False,False,False,True,False,False,False
wts-lg-000170,91,45,5FLR236,5FLR236,EFLR2361,EFLR2361,EFLR2361,EFLR2361,0.4384,0.4591,34.83,34.52,False,False,False,False,False,False,False,False
wts-lg-000171,135,67,DCK6344,DCK6344,TEXAS DCK-6344,DCK6344,TEXAS DCKF6344,DCKF6344,0.8528,0.7116,74.24,74.75,False,False,True,False,True,True,False,True
wts-lg-000172,83,41,8P62983,8P62983,BP62983,BP62983,BP62983,BP62983,0.5579,0.5939,34.4,35.43,False,False,False,False,False,False,False,False
wts-lg-000173,83,41,5FEE732,5FEE732,SFEE7321,SFEE7321,SFEE7321,SFEE7321,0.3186,0.3809,36.2,35.88,False,False,False,False,False,False,False,False
wts-lg-000174,91,45,5BDE732,5BDE732,SBDE7321,SBDE7321,SBDE7321,SBDE7321,0.6215,0.8483,34.89,36.98,False,False,False,False,False,False,False,False
wts-lg-000175,141,70,CWL9084,CWL9084,TEXAS CWL-9084,CWL9084,TEXAS CWLH9084,CWLH9084,0.7382,0.6757,74.75,73.94,False,False,True,False,True,True,False,True
wts-lg-000176,145,72,BTZ7148,BTZ7148,TEXAS BTZ:7148,BTZ7148,TEXAS BTZI7148,BTZI7148,0.4733,0.4409,69.79,67.85,False,False,True,False,True,True,False,True
wts-lg-000177,99,49,6ZWF846,6ZWF846,6ZWF846,6ZWF846,6ZWF846,6ZWF846,0.7428,0.7466,59.24,39.29,True,True,True,True,False,False,False,False
wts-lg-000178,79,39,6LSU216,6LSU216,GL.SU216,GLSU216,GLSU216,GLSU216,0.4703,0.5079,34.68,34.02,False,False,False,False,True,False,False,False
wts-lg-000179,77,38,SL7J8R,SL7J8R,(SL7 JBR',SL7JBR,ISL7JBR,ISL7JBR,0.1819,0.5666,36.3,35.91,False,False,False,False,True,True,False,False
wts-lg-000181,117,58,PH5M9Y,PH5M9Y,Pis N9Y,PISN9Y,PHN9Y,PHN9Y,0.4992,0.6169,51.62,53.62,False,False,False,False,True,True,False,False
wts-lg-000183,77,38,DK8F5L,DK8F5L,Fke f5L,FKEF5L,FK8F5L,FK8F5L,0.1111,0.4335,34.28,34.92,False,False,False,False,True,True,False,False
wts-lg-000186,93,46,AG0R6T,AG0R6T,nGO Ret,NGORET,FGOR6T,FGOR6T,0.2017,0.3262,35.86,36.21,False,False,False,False,True,True,False,False
wts-lg-000187,87,43,UJ5E1A,UJ5E1A,UJS ELA,UJSELA,UJSGELA,UJSGELA,0.1446,0.2483,48.76,46.56,False,False,False,False,True,True,False,False
wts-lg-000188,85,42,UJ3V0J,UJ3V0J,,,,,0.0,0.0,22.62,22.35,False,False,False,False,False,False,False,False
wts-lg-000189,76,38,FK4W3L,FK4W3L,Dm,DM,I43,I43,0.0417,0.0163,46.85,48.18,False,False,False,False,True,True,False,False
wts-lg-000190,99,49,6RYJ486,6RYJ486,GRYJLB6,GRYJLB6,GRYJLB6,GRYJLB6,0.8088,0.8289,38.8,38.59,False,False,False,False,False,False,False,False
wts-lg-000191,138,69,CDL4461,CDL4461,TEXAS CDL+4461,CDL4461,TEXAS CDLH4461,CDLH4461,0.8079,0.7255,71.3,70.61,False,False,True,False,True,True,False,True
wts-lg-000192,84,42,5NWV468,5NWV468,SNNVLge,SNNVLGE,SNNVL68,SNNVL68,0.1008,0.3603,36.62,36.36,False,False,False,False,True,True,False,False
wts-lg-000193,144,72,RZN384,RZN384,RZN 384,RZN384,RZN384,RZN384,0.6395,0.7616,56.79,56.32,False,True,True,True,True,False,False,False
wts-lg-000194,83,41,7CID930,7CID930,7CID930,7CID930,7CID930,7CID930,0.4174,0.6191,38.22,38.17,True,True,True,True,False,False,False,False
wts-lg-000195,86,43,8D79882,8D79882,8D79882},8D79882,8D798821,8D798821,0.3199,0.4359,35.49,35.48,False,False,True,False,True,True,False,True
wts-lg-000196,136,68,DH7X317,DH7X317,TEXAS DHZ+K317],DHZK317,TEXAS DHZLK3171,DHZLK3171,0.1987,0.3173,70.94,70.18,False,False,False,False,True,True,False,False
wts-lg-000197,73,36,2MFZ746,2MFZ746,ZHFZ7L6,ZHFZ7L6,ZHFZ7L6,ZHFZ7L6,0.8043,0.8194,34.95,35.29,False,False,False,False,False,False,False,False
wts-lg-000199,78,39,J868321,J868321,LBs PL,LBSPL,LBSPL,LBSPL,0.113,0.1403,33.95,34.84,False,False,False,False,True,False,False,False
