mode,image_id,crop_width,crop_height,height_bucket,ground_truth,raw_ocr_output,normalized_ocr_output,confidence,preprocessing_applied,ocr_latency_ms,exact_match,normalized_match
RAW,0b86cecf-67d1-4fc0-87c9-b36b0ee228bb,99,49,36-49 px,YG9X2G,YG9-X2G,YG9X2G,0.6498,none,64.79,False,True
ADAPTIVE,0b86cecf-67d1-4fc0-87c9-b36b0ee228bb,99,49,36-49 px,YG9X2G,YG9-X2G,YG9X2G,0.6498,none,36.13,False,True
RAW,12c6cb72-3ea3-49e7-b381-e0cdfc5e8960,62,31,24-31 px,0SG719,056*719,056719,0.3445,none,23.57,False,False
ADAPTIVE,12c6cb72-3ea3-49e7-b381-e0cdfc5e8960,62,31,24-31 px,0SG719,056 719,056719,0.2673,upscale_2x_sharpen,37.32,False,False
RAW,1e241dc8-8f18-4955-8988-03a0ab49f813,63,31,24-31 px,CCLVN3,CcLV <,CCLV,0.1062,none,19.92,False,False
ADAPTIVE,1e241dc8-8f18-4955-8988-03a0ab49f813,63,31,24-31 px,CCLVN3,CcLV-%,CCLV,0.3623,upscale_2x_sharpen,35.86,False,False
RAW,21d8c31d-3deb-494b-9c63-c0223306fd82,58,29,24-31 px,2DA044,@daco44,DACO44,0.2558,none,22.97,False,False
ADAPTIVE,21d8c31d-3deb-494b-9c63-c0223306fd82,58,29,24-31 px,2DA044,@dnpo44,DNPO44,0.0416,upscale_2x_sharpen,40.85,False,False
RAW,22e54a62-57a8-4a0a-88c1-4b9758f67651,58,29,24-31 px,SL7C6S,5L7 CGs,5L7CGS,0.5147,none,19.54,False,False
ADAPTIVE,22e54a62-57a8-4a0a-88c1-4b9758f67651,58,29,24-31 px,SL7C6S,SL7 CGs,SL7CGS,0.5618,upscale_2x_sharpen,32.58,False,False
RAW,316b64c0-55bf-4079-a1c0-d93f461a576f,179,89,>=50 px,K179658,K1z 9658,K1Z9658,0.8006,none,61.97,False,False
ADAPTIVE,316b64c0-55bf-4079-a1c0-d93f461a576f,179,89,>=50 px,K179658,K1z 9658,K1Z9658,0.8006,none,59.91,False,False
RAW,33fa5185-0286-4e8f-b775-46162eba39d4,58,29,24-31 px,R820503,ReZ  0503,REZ0503,0.4368,none,35.4,False,False
ADAPTIVE,33fa5185-0286-4e8f-b775-46162eba39d4,58,29,24-31 px,R820503,Rez 0503,REZ0503,0.2491,upscale_2x_sharpen,38.86,False,False
RAW,37170dd1-2802-4e38-b982-c5d07c64ff67,66,33,32-35 px,6HP995,GHp 995,GHP995,0.3668,none,34.01,False,False
ADAPTIVE,37170dd1-2802-4e38-b982-c5d07c64ff67,66,33,32-35 px,6HP995,995 GHp;,995GHP,0.58,upscale_2x_sharpen,59.15,False,False
RAW,3850ba91-3c64-4c64-acba-0c46b61ec0da,57,28,24-31 px,HK0E7C,HKonezo,HKONEZO,0.085,none,34.77,False,False
ADAPTIVE,3850ba91-3c64-4c64-acba-0c46b61ec0da,57,28,24-31 px,HK0E7C,Hkonezo,HKONEZO,0.0671,upscale_2x_sharpen,48.09,False,False
RAW,4be2025c-09f7-4bb0-b1bd-8e8633e6dec1,61,30,24-31 px,UF2V5S,(F24V55,F24V55,0.4156,none,22.81,False,False
ADAPTIVE,4be2025c-09f7-4bb0-b1bd-8e8633e6dec1,61,30,24-31 px,UF2V5S,(F24V55,F24V55,0.3406,upscale_2x_sharpen,35.89,False,False
RAW,5b562a61-34ad-4f00-9164-d34abb7a38e4,57,28,24-31 px,91A4ZA,9ia 4ZA,9IA4ZA,0.1341,none,23.75,False,False
ADAPTIVE,5b562a61-34ad-4f00-9164-d34abb7a38e4,57,28,24-31 px,91A4ZA,9ia 4ZA,9IA4ZA,0.3556,upscale_2x_sharpen,37.01,False,False
RAW,7fbfbe28-aecb-45be-bd05-7cf26acb3c5c,61,30,24-31 px,KC4Z3X,,,0.0,none,12.72,False,False
ADAPTIVE,7fbfbe28-aecb-45be-bd05-7cf26acb3c5c,61,30,24-31 px,KC4Z3X,KC4 23X,KC423X,0.2409,upscale_2x_sharpen,36.19,False,False
RAW,a03ced3f-5a97-4e75-8106-fabfd2b8b76e,60,30,24-31 px,08E6CK,OBE6CK,OBE6CK,0.314,none,23.68,False,False
ADAPTIVE,a03ced3f-5a97-4e75-8106-fabfd2b8b76e,60,30,24-31 px,08E6CK,08E 6CK,08E6CK,0.5134,upscale_2x_sharpen,36.58,False,True
RAW,c9368c55-210d-456c-a5ef-c310e60039ec,60,30,24-31 px,UH1F0F,VhLeoe,VHLEOE,0.032,none,29.49,False,False
ADAPTIVE,c9368c55-210d-456c-a5ef-c310e60039ec,60,30,24-31 px,UH1F0F,Vhleqf,VHLEQF,0.0535,upscale_2x_sharpen,48.47,False,False
RAW,car1,115,57,>=50 px,627WWI,WashmGot 627,WASHMGOT627,0.2247,none,114.92,False,False
ADAPTIVE,car1,115,57,>=50 px,627WWI,WashmGot 627,WASHMGOT627,0.2247,none,96.44,False,False
RAW,car11,82,41,36-49 px,DG3C8P,dg3 C8p,DG3C8P,0.1265,none,33.18,False,True
ADAPTIVE,car11,82,41,36-49 px,DG3C8P,dg3 C8p,DG3C8P,0.1265,none,32.75,False,True
RAW,car12,154,77,>=50 px,5UVR090,SEP Kolma SUVRO9O] WalM Jcwaani,SEPKOLMASUVRO9OWALMJCWAANI,0.2622,none,141.18,False,False
ADAPTIVE,car12,154,77,>=50 px,5UVR090,SEP Kolma SUVRO9O] WalM Jcwaani,SEPKOLMASUVRO9OWALMJCWAANI,0.2622,none,142.88,False,False
RAW,car13,256,128,>=50 px,EMR7094,EMR 7094 26,EMR709426,0.7153,none,116.95,False,False
ADAPTIVE,car13,256,128,>=50 px,EMR7094,EMR 7094 26,EMR709426,0.7153,none,114.5,False,False
RAW,car14,113,56,>=50 px,980YTB,90_YTB,90YTB,0.2743,none,48.54,False,False
ADAPTIVE,car14,113,56,>=50 px,980YTB,90_YTB,90YTB,0.2743,none,48.22,False,False
RAW,car15,121,60,>=50 px,KCS1M,KcSIA,KCSIA,0.2838,none,34.85,False,False
ADAPTIVE,car15,121,60,>=50 px,KCS1M,KcSIA,KCSIA,0.2838,none,34.99,False,False
RAW,car16,87,43,36-49 px,002HHM,ddzehhH,DDZEHHH,0.271,none,37.21,False,False
ADAPTIVE,car16,87,43,36-49 px,002HHM,ddzehhH,DDZEHHH,0.271,none,37.37,False,False
RAW,car17,68,34,32-35 px,L781601,Eeim,EEIM,0.0139,none,44.23,False,False
ADAPTIVE,car17,68,34,32-35 px,L781601,b_)Gon,BGON,0.0642,upscale_2x_sharpen,65.76,False,False
RAW,car18,78,39,36-49 px,SB3X6N,ISB3XBN,ISB3XBN,0.1981,none,31.16,False,False
ADAPTIVE,car18,78,39,36-49 px,SB3X6N,ISB3XBN,ISB3XBN,0.1981,none,32.5,False,False
RAW,car19,295,147,>=50 px,378DXR,378 DXRI LAMBORGHIN,378DXRILAMBORGHIN,0.7899,none,179.53,False,False
ADAPTIVE,car19,295,147,>=50 px,378DXR,378 DXRI LAMBORGHIN,378DXRILAMBORGHIN,0.7899,none,171.68,False,False
RAW,car2,86,43,36-49 px,1049338,1049338,1049338,0.9998,none,33.39,True,True
ADAPTIVE,car2,86,43,36-49 px,1049338,1049338,1049338,0.9998,none,32.71,True,True
RAW,car20,76,38,36-49 px,YG8E4F,YG8 E 4F],YG8E4F,0.2962,none,34.05,False,True
ADAPTIVE,car20,76,38,36-49 px,YG8E4F,YG8 E 4F],YG8E4F,0.2962,none,32.56,False,True
RAW,car21,63,31,24-31 px,YF2L6G,V2l6o,V2L6O,0.0394,none,36.16,False,False
ADAPTIVE,car21,63,31,24-31 px,YF2L6G,V2l6o,V2L6O,0.1097,upscale_2x_sharpen,37.37,False,False
RAW,car22,55,27,24-31 px,CH0P8Y,,,0.0,none,12.73,False,False
ADAPTIVE,car22,55,27,24-31 px,CH0P8Y,Cd P8y,CDP8Y,0.0645,upscale_2x_sharpen,48.7,False,False
RAW,car3,121,60,>=50 px,1AMW240,MNzaU,MNZAU,0.0792,none,45.38,False,False
ADAPTIVE,car3,121,60,>=50 px,1AMW240,MNzaU,MNZAU,0.0792,none,44.52,False,False
RAW,car5,87,43,36-49 px,59CADI,59.CAdi ccllcC,59CADICCLLCC,0.1979,none,62.27,False,False
ADAPTIVE,car5,87,43,36-49 px,59CADI,59.CAdi ccllcC,59CADICCLLCC,0.1979,none,62.69,False,False
RAW,car6,81,40,36-49 px,AKS4329,JKS.4329,JKS4329,0.2798,none,32.32,False,False
ADAPTIVE,car6,81,40,36-49 px,AKS4329,JKS.4329,JKS4329,0.2798,none,32.94,False,False
RAW,car7,194,97,>=50 px,10DTM,Newlersey 8n) 10 DT Msg Vehicle KeR _,NEWLERSEY8N10DTMSGVEHICLEKER,0.3299,none,138.47,False,False
ADAPTIVE,car7,194,97,>=50 px,10DTM,Newlersey 8n) 10 DT Msg Vehicle KeR _,NEWLERSEY8N10DTMSGVEHICLEKER,0.3299,none,141.88,False,False
RAW,car8,68,34,32-35 px,FZRULZ,FZ_RULZ,FZRULZ,0.7312,none,34.83,False,True
ADAPTIVE,car8,68,34,32-35 px,FZRULZ,FZ RULZ,FZRULZ,0.9958,upscale_2x_sharpen,54.63,False,True
RAW,car9-0,145,72,>=50 px,133GZD,ARIZON p123620,ARIZONP123620,0.613,none,73.96,False,False
ADAPTIVE,car9-0,145,72,>=50 px,133GZD,ARIZON p123620,ARIZONP123620,0.613,none,72.27,False,False
RAW,car9-1,187,93,>=50 px,ASC7399,VASC7399,VASC7399,0.2608,none,63.9,False,False
ADAPTIVE,car9-1,187,93,>=50 px,ASC7399,VASC7399,VASC7399,0.2608,none,64.64,False,False
RAW,car9-2,96,48,36-49 px,4639520,[663 9520,6639520,0.2744,none,36.44,False,False
ADAPTIVE,car9-2,96,48,36-49 px,4639520,[663 9520,6639520,0.2744,none,37.5,False,False
RAW,car9-4,111,55,>=50 px,ANW2529,Ji2529,JI2529,0.1061,none,39.21,False,False
ADAPTIVE,car9-4,111,55,>=50 px,ANW2529,Ji2529,JI2529,0.1061,none,37.78,False,False
RAW,car9-5,132,66,>=50 px,AYX8803,KhayKbbO3],KHAYKBBO3,0.0175,none,68.27,False,False
ADAPTIVE,car9-5,132,66,>=50 px,AYX8803,KhayKbbO3],KHAYKBBO3,0.0175,none,65.37,False,False
RAW,car9-7,137,68,>=50 px,ASV9218,68su9218,68SU9218,0.0682,none,67.63,False,False
ADAPTIVE,car9-7,137,68,>=50 px,ASV9218,68su9218,68SU9218,0.0682,none,66.14,False,False
RAW,car9-9,91,45,36-49 px,AVP2403,MAUP24O3,MAUP24O3,0.4962,none,33.88,False,False
ADAPTIVE,car9-9,91,45,36-49 px,AVP2403,MAUP24O3,MAUP24O3,0.4962,none,33.36,False,False
RAW,car9,119,59,>=50 px,PE3R2X,PEZAR2X,PEZAR2X,0.1306,none,51.86,False,False
ADAPTIVE,car9,119,59,>=50 px,PE3R2X,PEZAR2X,PEZAR2X,0.1306,none,49.78,False,False
RAW,cfaa9dd2-a388-4e92-bb3a-ae65c28d8139,52,26,24-31 px,KL3B8K,Fl3 Bak,FL3BAK,0.1099,none,20.88,False,False
ADAPTIVE,cfaa9dd2-a388-4e92-bb3a-ae65c28d8139,52,26,24-31 px,KL3B8K,Kl3 BAk,KL3BAK,0.129,upscale_2x_sharpen,33.93,False,False
RAW,d4f79480-366a-40b6-ab2c-328bcba705b2,71,35,32-35 px,FB5X8T,FBS XeT,FBSXET,0.3331,none,47.6,False,False
ADAPTIVE,d4f79480-366a-40b6-ab2c-328bcba705b2,71,35,32-35 px,FB5X8T,FBS XET),FBSXET,0.1343,upscale_2x_sharpen,55.12,False,False
RAW,e73fd200-7ba4-4725-9d1d-2ec710864df6,135,67,>=50 px,8FV480,8FV-480,8FV480,0.8656,none,54.83,False,True
ADAPTIVE,e73fd200-7ba4-4725-9d1d-2ec710864df6,135,67,>=50 px,8FV480,8FV-480,8FV480,0.8656,none,56.08,False,True
RAW,f0a3b8c0-198a-471b-9ca9-345c3dd28073,67,33,32-35 px,HB8X9J,HBB X9 ],HBBX9,0.1662,none,34.65,False,False
ADAPTIVE,f0a3b8c0-198a-471b-9ca9-345c3dd28073,67,33,32-35 px,HB8X9J,HBe X9],HBEX9,0.2017,upscale_2x_sharpen,56.37,False,False
RAW,f8fc5e59-9083-466b-ae3f-6b869a0b257b,64,32,32-35 px,UH1F0F,VhLToE,VHLTOE,0.0118,none,32.5,False,False
ADAPTIVE,f8fc5e59-9083-466b-ae3f-6b869a0b257b,64,32,32-35 px,UH1F0F,Fof,FOF,0.1877,upscale_2x_sharpen,63.82,False,False
RAW,us1,159,79,>=50 px,4PCI264,LPCIZGL,LPCIZGL,0.9173,none,65.03,False,False
ADAPTIVE,us1,159,79,>=50 px,4PCI264,LPCIZGL,LPCIZGL,0.9173,none,62.65,False,False
RAW,us10,251,125,>=50 px,CC2881,WASHINGTON; DC CC= 2881 TAXATION WIthout REPRESENTATION,DCCC2881TAXATIONWITHOUTREPRESENTATION,0.6838,none,169.78,False,False
ADAPTIVE,us10,251,125,>=50 px,CC2881,WASHINGTON; DC CC= 2881 TAXATION WIthout REPRESENTATION,DCCC2881TAXATIONWITHOUTREPRESENTATION,0.6838,none,168.45,False,False
RAW,us2,112,56,>=50 px,EUS664,EUSm664,EUSM664,0.4255,none,40.12,False,False
ADAPTIVE,us2,112,56,>=50 px,EUS664,EUSm664,EUSM664,0.4255,none,40.02,False,False
RAW,us3,92,46,36-49 px,9185914,918 5914,9185914,0.2367,none,34.71,False,True
ADAPTIVE,us3,92,46,36-49 px,9185914,918 5914,9185914,0.2367,none,35.18,False,True
RAW,us4,156,78,>=50 px,520MRK,~Akansas 520 MRK Ihc MIuraI State,A520MRKIHCMIURAISTATE,0.6523,none,138.28,False,False
ADAPTIVE,us4,156,78,>=50 px,520MRK,~Akansas 520 MRK Ihc MIuraI State,A520MRKIHCMIURAISTATE,0.6523,none,138.68,False,False
RAW,us5,227,113,>=50 px,NEILDMND,NETLDMND ~MMANLUAMO; DTAN,NETLDMNDMMANLUAMODTAN,0.1436,none,174.45,False,False
ADAPTIVE,us5,227,113,>=50 px,NEILDMND,NETLDMND ~MMANLUAMO; DTAN,NETLDMNDMMANLUAMODTAN,0.1436,none,171.87,False,False
RAW,us6,216,108,>=50 px,HL0KTY1,HLO KTY1,HLOKTY1,0.3576,none,89.8,False,False
ADAPTIVE,us6,216,108,>=50 px,HL0KTY1,HLO KTY1,HLOKTY1,0.3576,none,90.75,False,False
RAW,us7,293,146,>=50 px,5VCF203,JUK 'boJAno SVCF203,JUKBOJANOSVCF203,0.3654,none,184.67,False,False
ADAPTIVE,us7,293,146,>=50 px,5VCF203,JUK 'boJAno SVCF203,JUKBOJANOSVCF203,0.3654,none,180.98,False,False
RAW,us8,329,164,>=50 px,EAZ6913,NEW YORK EAZ-6913 THE EMPIRE STATE,EAZ6913THEEMPIRESTATE,0.7766,none,254.54,False,False
ADAPTIVE,us8,329,164,>=50 px,EAZ6913,NEW YORK EAZ-6913 THE EMPIRE STATE,EAZ6913THEEMPIRESTATE,0.7766,none,242.78,False,False
RAW,wts-lg-000010,115,57,>=50 px,HH9G5W,HH? G5w,HHG5W,0.2297,none,49.68,False,False
ADAPTIVE,wts-lg-000010,115,57,>=50 px,HH9G5W,HH? G5w,HHG5W,0.2297,none,50.78,False,False
RAW,wts-lg-000011,114,57,>=50 px,MF2Y8X,'V8X MFz,V8XMFZ,0.3387,none,43.34,False,False
ADAPTIVE,wts-lg-000011,114,57,>=50 px,MF2Y8X,'V8X MFz,V8XMFZ,0.3387,none,44.14,False,False
RAW,wts-lg-000012,120,60,>=50 px,CK0A1F,V <,V,0.1048,none,50.69,False,False
ADAPTIVE,wts-lg-000012,120,60,>=50 px,CK0A1F,V <,V,0.1048,none,50.07,False,False
RAW,wts-lg-000013,119,59,>=50 px,DH5X9P,DUS_XoP,DUSXOP,0.1822,none,50.72,False,False
ADAPTIVE,wts-lg-000013,119,59,>=50 px,DH5X9P,DUS_XoP,DUSXOP,0.1822,none,51.43,False,False
RAW,wts-lg-000014,90,45,36-49 px,DG2Z6U,3C2 TEU,3C2TEU,0.0754,none,46.49,False,False
ADAPTIVE,wts-lg-000014,90,45,36-49 px,DG2Z6U,3C2 TEU,3C2TEU,0.0754,none,45.32,False,False
RAW,wts-lg-000016,110,55,>=50 px,DL3C2Z,DLbeC2Z,DLBEC2Z,0.2126,none,39.46,False,False
ADAPTIVE,wts-lg-000016,110,55,>=50 px,DL3C2Z,DLbeC2Z,DLBEC2Z,0.2126,none,38.21,False,False
RAW,wts-lg-000017,136,68,>=50 px,7FR971,7FR-971,7FR971,0.5356,none,56.31,False,True
ADAPTIVE,wts-lg-000017,136,68,>=50 px,7FR971,7FR-971,7FR971,0.5356,none,55.84,False,True
RAW,wts-lg-000018,92,46,36-49 px,CG2H2U,^ ^,,0.0214,none,46.07,False,False
ADAPTIVE,wts-lg-000018,92,46,36-49 px,CG2H2U,^ ^,,0.0214,none,46.06,False,False
RAW,wts-lg-000020,136,68,>=50 px,R107555,R1 7555,R17555,0.3519,none,55.94,False,False
ADAPTIVE,wts-lg-000020,136,68,>=50 px,R107555,R1 7555,R17555,0.3519,none,54.95,False,False
RAW,wts-lg-000021,72,36,36-49 px,BGB3282,BCB-3282,BCB3282,0.837,none,33.97,False,False
ADAPTIVE,wts-lg-000021,72,36,36-49 px,BGB3282,BCB-3282,BCB3282,0.837,none,34.61,False,False
RAW,wts-lg-000022,67,33,32-35 px,FNY881,Fiyeee1,FIYEEE1,0.1004,none,48.85,False,False
ADAPTIVE,wts-lg-000022,67,33,32-35 px,FNY881,Fny 801,FNY801,0.4137,upscale_2x_sharpen,66.21,False,False
RAW,wts-lg-000023,91,45,36-49 px,AU41257,,,0.0,none,25.99,False,False
ADAPTIVE,wts-lg-000023,91,45,36-49 px,AU41257,,,0.0,none,23.31,False,False
RAW,wts-lg-000024,117,58,>=50 px,P602849,IpGh 'ZFL9|,IPGHZFL9,0.1661,none,45.07,False,False
ADAPTIVE,wts-lg-000024,117,58,>=50 px,P602849,IpGh 'ZFL9|,IPGHZFL9,0.1661,none,46.68,False,False
RAW,wts-lg-000025,75,37,36-49 px,TZC207,IZC 207,IZC207,0.5674,none,68.54,False,False
ADAPTIVE,wts-lg-000025,75,37,36-49 px,TZC207,IZC 207,IZC207,0.5674,none,39.06,False,False
RAW,wts-lg-000026,95,47,36-49 px,ML0C2S,1C29,1C29,0.2614,none,31.07,False,False
ADAPTIVE,wts-lg-000026,95,47,36-49 px,ML0C2S,1C29,1C29,0.2614,none,30.71,False,False
RAW,wts-lg-000027,134,67,>=50 px,SG8L7E,SG8 ZE,SG8ZE,0.3965,none,61.66,False,False
ADAPTIVE,wts-lg-000027,134,67,>=50 px,SG8L7E,SG8 ZE,SG8ZE,0.3965,none,62.37,False,False
RAW,wts-lg-000028,149,74,>=50 px,SK2W6K,SkK2 Wek,SKK2WEK,0.2805,none,64.33,False,False
ADAPTIVE,wts-lg-000028,149,74,>=50 px,SK2W6K,SkK2 Wek,SKK2WEK,0.2805,none,56.27,False,False
RAW,wts-lg-000029,76,38,36-49 px,AYE132,Faye: 132,FAYE132,0.2173,none,35.04,False,False
ADAPTIVE,wts-lg-000029,76,38,36-49 px,AYE132,Faye: 132,FAYE132,0.2173,none,34.82,False,False
RAW,wts-lg-000030,71,35,32-35 px,FK2X2Z,TK2kzz,TK2KZZ,0.0498,none,46.86,False,False
ADAPTIVE,wts-lg-000030,71,35,32-35 px,FK2X2Z,,,0.0,upscale_2x_sharpen,42.01,False,False
RAW,wts-lg-000031,95,47,36-49 px,FE9N6K,FE9-NGK,FE9NGK,0.4388,none,34.78,False,False
ADAPTIVE,wts-lg-000031,95,47,36-49 px,FE9N6K,FE9-NGK,FE9NGK,0.4388,none,34.35,False,False
RAW,wts-lg-000032,80,40,36-49 px,21A1BX,2inIBX,2INIBX,0.2585,none,32.1,False,False
ADAPTIVE,wts-lg-000032,80,40,36-49 px,21A1BX,2inIBX,2INIBX,0.2585,none,30.6,False,False
RAW,wts-lg-000033,82,41,36-49 px,PK2V6M,Pk2 Vei,PK2VEI,0.1219,none,34.33,False,False
ADAPTIVE,wts-lg-000033,82,41,36-49 px,PK2V6M,Pk2 Vei,PK2VEI,0.1219,none,33.81,False,False
RAW,wts-lg-000034,61,30,24-31 px,HK5R9C,Hks-R9C,HKSR9C,0.364,none,23.83,False,False
ADAPTIVE,wts-lg-000034,61,30,24-31 px,HK5R9C,Hks-R9C,HKSR9C,0.1565,upscale_2x_sharpen,39.58,False,False
RAW,wts-lg-000035,58,29,24-31 px,XNR374,XNR,XNR,0.3668,none,22.06,False,False
ADAPTIVE,wts-lg-000035,58,29,24-31 px,XNR374,"XNR ,374",XNR374,0.3028,upscale_2x_sharpen,39.61,False,True
RAW,wts-lg-000036,63,31,24-31 px,TTP488,TTP_488,TTP488,0.5071,none,24.6,False,True
ADAPTIVE,wts-lg-000036,63,31,24-31 px,TTP488,488,488,0.9771,upscale_2x_sharpen,37.06,False,False
RAW,wts-lg-000037,66,33,32-35 px,RDN464,RDN  464,RDN464,0.3806,none,34.19,False,True
ADAPTIVE,wts-lg-000037,66,33,32-35 px,RDN464,PDN 464,PDN464,0.1699,upscale_2x_sharpen,55.19,False,False
RAW,wts-lg-000038,74,37,36-49 px,78188,'7e180_,7E180,0.2236,none,31.86,False,False
ADAPTIVE,wts-lg-000038,74,37,36-49 px,78188,'7e180_,7E180,0.2236,none,31.44,False,False
RAW,wts-lg-000039,63,31,24-31 px,VLX039,X039,X039,0.6597,none,24.83,False,False
ADAPTIVE,wts-lg-000039,63,31,24-31 px,VLX039,FVLXO39,FVLXO39,0.1385,upscale_2x_sharpen,41.37,False,False
RAW,wts-lg-000040,88,44,36-49 px,WD2R9B,MD2-R9B,MD2R9B,0.2928,none,34.75,False,False
ADAPTIVE,wts-lg-000040,88,44,36-49 px,WD2R9B,MD2-R9B,MD2R9B,0.2928,none,34.15,False,False
RAW,wts-lg-000041,92,46,36-49 px,5LTA600,5L JI4LI,5LJI4LI,0.0217,none,45.25,False,False
ADAPTIVE,wts-lg-000041,92,46,36-49 px,5LTA600,5L JI4LI,5LJI4LI,0.0217,none,46.38,False,False
RAW,wts-lg-000042,72,36,36-49 px,SK5K9V,Sv,SV,0.0687,none,40.43,False,False
ADAPTIVE,wts-lg-000042,72,36,36-49 px,SK5K9V,Sv,SV,0.0687,none,39.02,False,False
RAW,wts-lg-000043,90,45,36-49 px,FB8R4T,FBOGRAT,FBOGRAT,0.1663,none,35.03,False,False
ADAPTIVE,wts-lg-000043,90,45,36-49 px,FB8R4T,FBOGRAT,FBOGRAT,0.1663,none,33.94,False,False
RAW,wts-lg-000044,74,37,36-49 px,AJK7551,,,0.0,none,22.52,False,False
ADAPTIVE,wts-lg-000044,74,37,36-49 px,AJK7551,,,0.0,none,23.09,False,False
RAW,wts-lg-000045,79,39,36-49 px,HF4Y3B,IHFFA YSBL,IHFFAYSBL,0.1991,none,32.48,False,False
ADAPTIVE,wts-lg-000045,79,39,36-49 px,HF4Y3B,IHFFA YSBL,IHFFAYSBL,0.1991,none,33.39,False,False
RAW,wts-lg-000046,76,38,36-49 px,BFN8484,HFM 8484,HFM8484,0.3715,none,33.31,False,False
ADAPTIVE,wts-lg-000046,76,38,36-49 px,BFN8484,HFM 8484,HFM8484,0.3715,none,33.35,False,False
RAW,wts-lg-000047,56,28,24-31 px,CLT0108,CLT Diog,CLTDIOG,0.2197,none,24.07,False,False
ADAPTIVE,wts-lg-000047,56,28,24-31 px,CLT0108,CLT Oioo,CLTOIOO,0.1291,upscale_2x_sharpen,38.31,False,False
RAW,wts-lg-000048,74,37,36-49 px,FE5R2D,FFE5 R2D,FFE5R2D,0.149,none,34.07,False,False
ADAPTIVE,wts-lg-000048,74,37,36-49 px,FE5R2D,FFE5 R2D,FFE5R2D,0.149,none,35.19,False,False
RAW,wts-lg-000049,74,37,36-49 px,WG4L2M,NGa 124,NGA124,0.1117,none,32.59,False,False
ADAPTIVE,wts-lg-000049,74,37,36-49 px,WG4L2M,NGa 124,NGA124,0.1117,none,34.56,False,False
RAW,wts-lg-000050,67,33,32-35 px,HB6L0Z,HB6 Loz,HB6LOZ,0.404,none,32.89,False,False
ADAPTIVE,wts-lg-000050,67,33,32-35 px,HB6L0Z,Hb6 Lozi,HB6LOZI,0.3679,upscale_2x_sharpen,55.52,False,False
RAW,wts-lg-000051,98,49,36-49 px,PJ2X1V,PJZeXiV,PJZEXIV,0.2888,none,40.13,False,False
ADAPTIVE,wts-lg-000051,98,49,36-49 px,PJ2X1V,PJZeXiV,PJZEXIV,0.2888,none,39.11,False,False
RAW,wts-lg-000052,68,34,32-35 px,DK7J8G,pK7-JbG,PK7JBG,0.2319,none,33.48,False,False
ADAPTIVE,wts-lg-000052,68,34,32-35 px,DK7J8G,pk7-JbG,PK7JBG,0.1632,upscale_2x_sharpen,55.57,False,False
RAW,wts-lg-000053,67,33,32-35 px,TNP222,222,222,0.9923,none,31.69,False,False
ADAPTIVE,wts-lg-000053,67,33,32-35 px,TNP222,"Uthp, 2221",UTHP2221,0.5076,upscale_2x_sharpen,60.57,False,False
RAW,wts-lg-000055,99,49,36-49 px,TRZ951,Taz 95i],TAZ95I,0.1248,none,49.26,False,False
ADAPTIVE,wts-lg-000055,99,49,36-49 px,TRZ951,Taz 95i],TAZ95I,0.1248,none,49.01,False,False
RAW,wts-lg-000056,90,45,36-49 px,SZA679,SZA_6791,SZA6791,0.3279,none,35.81,False,False
ADAPTIVE,wts-lg-000056,90,45,36-49 px,SZA679,SZA_6791,SZA6791,0.3279,none,35.7,False,False
RAW,wts-lg-000057,108,54,>=50 px,YBW23,YBIZJ,YBIZJ,0.4464,none,44.51,False,False
ADAPTIVE,wts-lg-000057,108,54,>=50 px,YBW23,YBIZJ,YBIZJ,0.4464,none,43.55,False,False
RAW,wts-lg-000058,52,26,24-31 px,CEMENT0,,,0.0,none,14.34,False,False
ADAPTIVE,wts-lg-000058,52,26,24-31 px,CEMENT0,Celaxim,CELAXIM,0.1437,upscale_2x_sharpen,51.37,False,False
RAW,wts-lg-000059,94,47,36-49 px,WXW835,IWXW 8351,IWXW8351,0.1716,none,34.46,False,False
ADAPTIVE,wts-lg-000059,94,47,36-49 px,WXW835,IWXW 8351,IWXW8351,0.1716,none,33.83,False,False
RAW,wts-lg-000060,113,56,>=50 px,TVG399,IVG 399,IVG399,0.2349,none,39.23,False,False
ADAPTIVE,wts-lg-000060,113,56,>=50 px,TVG399,IVG 399,IVG399,0.2349,none,39.13,False,False
RAW,wts-lg-000061,73,36,36-49 px,DK2Z5S,@K2oz5s,K2OZ5S,0.104,none,34.25,False,False
ADAPTIVE,wts-lg-000061,73,36,36-49 px,DK2Z5S,@K2oz5s,K2OZ5S,0.104,none,33.4,False,False
RAW,wts-lg-000062,82,41,36-49 px,GT679A,~616794,616794,0.1313,none,34.98,False,False
ADAPTIVE,wts-lg-000062,82,41,36-49 px,GT679A,~616794,616794,0.1313,none,34.05,False,False
RAW,wts-lg-000063,81,40,36-49 px,FA8M7S,Ea? M7S,EAM7S,0.1149,none,34.27,False,False
ADAPTIVE,wts-lg-000063,81,40,36-49 px,FA8M7S,Ea? M7S,EAM7S,0.1149,none,33.41,False,False
RAW,wts-lg-000064,96,48,36-49 px,UH1N2A,VHichza,VHICHZA,0.2445,none,34.24,False,False
ADAPTIVE,wts-lg-000064,96,48,36-49 px,UH1N2A,VHichza,VHICHZA,0.2445,none,33.44,False,False
RAW,wts-lg-000065,110,55,>=50 px,AC0M7V,ACOMHTV,ACOMHTV,0.456,none,39.48,False,False
ADAPTIVE,wts-lg-000065,110,55,>=50 px,AC0M7V,ACOMHTV,ACOMHTV,0.456,none,39.2,False,False
RAW,wts-lg-000066,97,48,36-49 px,SGTE5,SGT-E5,SGTE5,0.2449,none,35.48,False,True
ADAPTIVE,wts-lg-000066,97,48,36-49 px,SGTE5,SGT-E5,SGTE5,0.2449,none,36.13,False,True
RAW,wts-lg-000067,63,31,24-31 px,8951283,8951203,8951203,0.4101,none,24.82,False,False
ADAPTIVE,wts-lg-000067,63,31,24-31 px,8951283,8951203,8951203,0.5749,upscale_2x_sharpen,41.97,False,False
RAW,wts-lg-000068,59,29,24-31 px,N359973,[352573,352573,0.1564,none,25.06,False,False
ADAPTIVE,wts-lg-000068,59,29,24-31 px,N359973,{6359573,6359573,0.1714,upscale_2x_sharpen,39.37,False,False
RAW,wts-lg-000069,81,40,36-49 px,TWF220,thF  2203,THF2203,0.1052,none,34.55,False,False
ADAPTIVE,wts-lg-000069,81,40,36-49 px,TWF220,thF  2203,THF2203,0.1052,none,34.32,False,False
RAW,wts-lg-000070,110,55,>=50 px,WXY184,WXY 184,WXY184,0.6421,none,44.17,False,True
ADAPTIVE,wts-lg-000070,110,55,>=50 px,WXY184,WXY 184,WXY184,0.6421,none,44.12,False,True
RAW,wts-lg-000071,60,30,24-31 px,WSG979,VS6979,VS6979,0.2674,none,22.09,False,False
ADAPTIVE,wts-lg-000071,60,30,24-31 px,WSG979,KS6979,KS6979,0.6923,upscale_2x_sharpen,38.17,False,False
RAW,wts-lg-000072,59,29,24-31 px,WTC249,,,0.0,none,13.39,False,False
ADAPTIVE,wts-lg-000072,59,29,24-31 px,WTC249,Htcza9],HTCZA9,0.1146,upscale_2x_sharpen,54.35,False,False
RAW,wts-lg-000073,94,47,36-49 px,5VDA555,svda555,SVDA555,0.4301,none,39.04,False,False
ADAPTIVE,wts-lg-000073,94,47,36-49 px,5VDA555,svda555,SVDA555,0.4301,none,40.9,False,False
RAW,wts-lg-000074,120,60,>=50 px,AG6V1W,ag6-V LW,AG6VLW,0.125,none,45.31,False,False
ADAPTIVE,wts-lg-000074,120,60,>=50 px,AG6V1W,ag6-V LW,AG6VLW,0.125,none,47.69,False,False
RAW,wts-lg-000075,95,47,36-49 px,6LKR481,GLKRL8L,GLKRL8L,0.2937,none,39.61,False,False
ADAPTIVE,wts-lg-000075,95,47,36-49 px,6LKR481,GLKRL8L,GLKRL8L,0.2937,none,43.43,False,False
RAW,wts-lg-000076,103,51,>=50 px,4GLS168,LGLS169],LGLS169,0.2258,none,49.09,False,False
ADAPTIVE,wts-lg-000076,103,51,>=50 px,4GLS168,LGLS169],LGLS169,0.2258,none,42.48,False,False
RAW,wts-lg-000077,107,53,>=50 px,5ZUC921,15Z4c921,15Z4C921,0.1983,none,41.73,False,False
ADAPTIVE,wts-lg-000077,107,53,>=50 px,5ZUC921,15Z4c921,15Z4C921,0.1983,none,43.63,False,False
RAW,wts-lg-000078,92,46,36-49 px,5EZP631,SEZP631,SEZP631,0.6183,none,39.49,False,False
ADAPTIVE,wts-lg-000078,92,46,36-49 px,5EZP631,SEZP631,SEZP631,0.6183,none,40.87,False,False
RAW,wts-lg-000079,95,47,36-49 px,FD7U4U,04U,04U,0.4901,none,36.02,False,False
ADAPTIVE,wts-lg-000079,95,47,36-49 px,FD7U4U,04U,04U,0.4901,none,32.6,False,False
RAW,wts-lg-000080,111,55,>=50 px,YD6L3C,Vd6 L3C,VD6L3C,0.2945,none,42.29,False,False
ADAPTIVE,wts-lg-000080,111,55,>=50 px,YD6L3C,Vd6 L3C,VD6L3C,0.2945,none,40.96,False,False
RAW,wts-lg-000082,85,42,36-49 px,CJUJ79,,,0.0,none,25.61,False,False
ADAPTIVE,wts-lg-000082,85,42,36-49 px,CJUJ79,,,0.0,none,26.15,False,False
RAW,wts-lg-000083,82,41,36-49 px,N2427E,N24 27E,N2427E,0.9394,none,43.67,False,True
ADAPTIVE,wts-lg-000083,82,41,36-49 px,N2427E,N24 27E,N2427E,0.9394,none,43.32,False,True
RAW,wts-lg-000084,98,49,36-49 px,5AEA911,SHEA?11,SHEA11,0.3208,none,43.02,False,False
ADAPTIVE,wts-lg-000084,98,49,36-49 px,5AEA911,SHEA?11,SHEA11,0.3208,none,40.9,False,False
RAW,wts-lg-000085,80,40,36-49 px,5DJ0529,BDu0529,BDU0529,0.1619,none,38.3,False,False
ADAPTIVE,wts-lg-000085,80,40,36-49 px,5DJ0529,BDu0529,BDU0529,0.1619,none,34.98,False,False
RAW,wts-lg-000086,99,49,36-49 px,ATGL04,,,0.0,none,27.78,False,False
ADAPTIVE,wts-lg-000086,99,49,36-49 px,ATGL04,,,0.0,none,29.22,False,False
RAW,wts-lg-000087,98,49,36-49 px,383WJP,,,0.0,none,28.55,False,False
ADAPTIVE,wts-lg-000087,98,49,36-49 px,383WJP,,,0.0,none,30.29,False,False
RAW,wts-lg-000088,55,27,24-31 px,CCV020,,,0.0,none,12.36,False,False
ADAPTIVE,wts-lg-000088,55,27,24-31 px,CCV020,,,0.0,upscale_2x_sharpen,29.15,False,False
RAW,wts-lg-000089,50,25,24-31 px,YF2U68,ye24u68,YE24U68,0.2247,none,24.49,False,False
ADAPTIVE,wts-lg-000089,50,25,24-31 px,YF2U68,YF24u68,YF24U68,0.2172,upscale_2x_sharpen,37.4,False,False
RAW,wts-lg-000090,91,45,36-49 px,MH6V4L,HHG,HHG,0.2499,none,31.49,False,False
ADAPTIVE,wts-lg-000090,91,45,36-49 px,MH6V4L,HHG,HHG,0.2499,none,29.14,False,False
RAW,wts-lg-000091,64,32,32-35 px,MJ3R1V,,,0.0,none,12.56,False,False
ADAPTIVE,wts-lg-000091,64,32,32-35 px,MJ3R1V,IJzRIV,IJZRIV,0.063,upscale_2x_sharpen,43.28,False,False
RAW,wts-lg-000094,103,51,>=50 px,CJ8P4V,JbPAV,JBPAV,0.1454,none,43.04,False,False
ADAPTIVE,wts-lg-000094,103,51,>=50 px,CJ8P4V,JbPAV,JBPAV,0.1454,none,42.5,False,False
RAW,wts-lg-000095,73,36,36-49 px,4FCW533,Lecl531,LECL531,0.0368,none,46.24,False,False
ADAPTIVE,wts-lg-000095,73,36,36-49 px,4FCW533,Lecl531,LECL531,0.0368,none,45.79,False,False
RAW,wts-lg-000096,80,40,36-49 px,CJ1P5G,LJgpsq,LJGPSQ,0.0981,none,45.84,False,False
ADAPTIVE,wts-lg-000096,80,40,36-49 px,CJ1P5G,LJgpsq,LJGPSQ,0.0981,none,45.67,False,False
RAW,wts-lg-000097,90,45,36-49 px,R589789,P5b  97891,P5B97891,0.0893,none,44.95,False,False
ADAPTIVE,wts-lg-000097,90,45,36-49 px,R589789,P5b  97891,P5B97891,0.0893,none,50.43,False,False
RAW,wts-lg-000098,86,43,36-49 px,UG9L8U,jug9 Leu,JUG9LEU,0.1575,none,35.27,False,False
ADAPTIVE,wts-lg-000098,86,43,36-49 px,UG9L8U,jug9 Leu,JUG9LEU,0.1575,none,36.2,False,False
RAW,wts-lg-000099,83,41,36-49 px,UG9L8U,JG9 Leu,JG9LEU,0.6298,none,36.9,False,False
ADAPTIVE,wts-lg-000099,83,41,36-49 px,UG9L8U,JG9 Leu,JG9LEU,0.6298,none,36.15,False,False
RAW,wts-lg-000100,95,47,36-49 px,SH0R7X,SholRZX,SHOLRZX,0.3222,none,37.63,False,False
ADAPTIVE,wts-lg-000100,95,47,36-49 px,SH0R7X,SholRZX,SHOLRZX,0.3222,none,36.02,False,False
RAW,wts-lg-000101,95,47,36-49 px,SH0R7X,Sr RZXE,SRRZXE,0.3619,none,35.31,False,False
ADAPTIVE,wts-lg-000101,95,47,36-49 px,SH0R7X,Sr RZXE,SRRZXE,0.3619,none,34.94,False,False
RAW,wts-lg-000102,77,38,36-49 px,DL9E1U,DL9 ELU,DL9ELU,0.8155,none,34.3,False,False
ADAPTIVE,wts-lg-000102,77,38,36-49 px,DL9E1U,DL9 ELU,DL9ELU,0.8155,none,34.41,False,False
RAW,wts-lg-000106,72,36,36-49 px,3MVV252,BMVV252,BMVV252,0.2774,none,35.34,False,False
ADAPTIVE,wts-lg-000106,72,36,36-49 px,3MVV252,BMVV252,BMVV252,0.2774,none,35.44,False,False
RAW,wts-lg-000113,114,57,>=50 px,AG4V3U,:.,,0.0047,none,50.03,False,False
ADAPTIVE,wts-lg-000113,114,57,>=50 px,AG4V3U,:.,,0.0047,none,48.66,False,False
RAW,wts-lg-000115,137,68,>=50 px,HH9G5W,HHS SSW,HHSSSW,0.5076,none,67.74,False,False
ADAPTIVE,wts-lg-000115,137,68,>=50 px,HH9G5W,HHS SSW,HHSSSW,0.5076,none,67.1,False,False
RAW,wts-lg-000117,98,49,36-49 px,D315771,021'57,02157,0.1423,none,35.12,False,False
ADAPTIVE,wts-lg-000117,98,49,36-49 px,D315771,021'57,02157,0.1423,none,34.64,False,False
RAW,wts-lg-000118,81,40,36-49 px,853FL,17853FL,17853FL,0.1552,none,34.27,False,False
ADAPTIVE,wts-lg-000118,81,40,36-49 px,853FL,17853FL,17853FL,0.1552,none,33.32,False,False
RAW,wts-lg-000119,83,41,36-49 px,6RJN062,GRINO62,GRINO62,0.2463,none,33.86,False,False
ADAPTIVE,wts-lg-000119,83,41,36-49 px,6RJN062,GRINO62,GRINO62,0.2463,none,34.34,False,False
RAW,wts-lg-000120,86,43,36-49 px,5CJP303,SCJP303,SCJP303,0.8408,none,34.71,False,False
ADAPTIVE,wts-lg-000120,86,43,36-49 px,5CJP303,SCJP303,SCJP303,0.8408,none,34.76,False,False
RAW,wts-lg-000121,76,38,36-49 px,6MMD595,GKhd595,GKHD595,0.1686,none,33.43,False,False
ADAPTIVE,wts-lg-000121,76,38,36-49 px,6MMD595,GKhd595,GKHD595,0.1686,none,33.83,False,False
RAW,wts-lg-000122,86,43,36-49 px,DK0H7Z,Jdko H7Z,JDKOH7Z,0.2742,none,69.2,False,False
ADAPTIVE,wts-lg-000122,86,43,36-49 px,DK0H7Z,Jdko H7Z,JDKOH7Z,0.2742,none,46.63,False,False
RAW,wts-lg-000123,86,43,36-49 px,6XIU641,GXiu641,GXIU641,0.2429,none,34.77,False,False
ADAPTIVE,wts-lg-000123,86,43,36-49 px,6XIU641,GXiu641,GXIU641,0.2429,none,35.03,False,False
RAW,wts-lg-000124,79,39,36-49 px,5NCP692,SNCP692,SNCP692,0.7457,none,36.42,False,False
ADAPTIVE,wts-lg-000124,79,39,36-49 px,5NCP692,SNCP692,SNCP692,0.7457,none,35.88,False,False
RAW,wts-lg-000125,79,39,36-49 px,5TQY867,5ToY867,5TOY867,0.4465,none,34.76,False,False
ADAPTIVE,wts-lg-000125,79,39,36-49 px,5TQY867,5ToY867,5TOY867,0.4465,none,36.51,False,False
RAW,wts-lg-000126,71,35,32-35 px,6NZT067,GNZT0g7,GNZT0G7,0.2572,none,36.1,False,False
ADAPTIVE,wts-lg-000126,71,35,32-35 px,6NZT067,GNZTO67,GNZTO67,0.6154,upscale_2x_sharpen,60.13,False,False
RAW,wts-lg-000127,84,42,36-49 px,5AZL613,5AZL613 |,5AZL613,0.5416,none,35.2,False,True
ADAPTIVE,wts-lg-000127,84,42,36-49 px,5AZL613,5AZL613 |,5AZL613,0.5416,none,34.71,False,True
RAW,wts-lg-000128,83,41,36-49 px,6MMD595,GMMd595,GMMD595,0.1831,none,45.27,False,False
ADAPTIVE,wts-lg-000128,83,41,36-49 px,6MMD595,GMMd595,GMMD595,0.1831,none,45.59,False,False
RAW,wts-lg-000129,143,71,>=50 px,CRK4732,TEXAS CRK-4732,CRK4732,0.8361,none,69.91,False,True
ADAPTIVE,wts-lg-000129,143,71,>=50 px,CRK4732,TEXAS CRK-4732,CRK4732,0.8361,none,70.3,False,True
RAW,wts-lg-000130,85,42,36-49 px,6PGM335,Lepgm335|,LEPGM335,0.1998,none,35.96,False,False
ADAPTIVE,wts-lg-000130,85,42,36-49 px,6PGM335,Lepgm335|,LEPGM335,0.1998,none,35.06,False,False
RAW,wts-lg-000131,82,41,36-49 px,00256M1,00256h1,00256H1,0.3224,none,34.13,False,False
ADAPTIVE,wts-lg-000131,82,41,36-49 px,00256M1,00256h1,00256H1,0.3224,none,36.44,False,False
RAW,wts-lg-000132,80,40,36-49 px,7AHN739,QAHN739,QAHN739,0.4693,none,35.9,False,False
ADAPTIVE,wts-lg-000132,80,40,36-49 px,7AHN739,QAHN739,QAHN739,0.4693,none,35.09,False,False
RAW,wts-lg-000133,84,42,36-49 px,5L0D951,6L.0d9511,6L0D9511,0.2162,none,35.03,False,False
ADAPTIVE,wts-lg-000133,84,42,36-49 px,5L0D951,6L.0d9511,6L0D9511,0.2162,none,36.8,False,False
RAW,wts-lg-000134,90,45,36-49 px,6WAW786,RGwaw786),RGWAW786,0.0761,none,48.03,False,False
ADAPTIVE,wts-lg-000134,90,45,36-49 px,6WAW786,RGwaw786),RGWAW786,0.0761,none,46.52,False,False
RAW,wts-lg-000135,134,67,>=50 px,CWM3083,TEAS (CYH;30837,TEASCYH30837,0.3286,none,67.51,False,False
ADAPTIVE,wts-lg-000135,134,67,>=50 px,CWM3083,TEAS (CYH;30837,TEASCYH30837,0.3286,none,68.16,False,False
RAW,wts-lg-000136,140,70,>=50 px,CYZ5139,TEXAS CYZ-5139 DGaleA SALES,CYZ5139DGALEASALES,0.6689,none,105.94,False,False
ADAPTIVE,wts-lg-000136,140,70,>=50 px,CYZ5139,TEXAS CYZ-5139 DGaleA SALES,CYZ5139DGALEASALES,0.6689,none,103.69,False,False
RAW,wts-lg-000137,140,70,>=50 px,CWW2245,TEXAS CHH-2245,CHH2245,0.7262,none,66.93,False,False
ADAPTIVE,wts-lg-000137,140,70,>=50 px,CWW2245,TEXAS CHH-2245,CHH2245,0.7262,none,65.96,False,False
RAW,wts-lg-000138,117,58,>=50 px,DD4C591,LiS DD4-C591,LISDD4C591,0.2869,none,51.47,False,False
ADAPTIVE,wts-lg-000138,117,58,>=50 px,DD4C591,LiS DD4-C591,LISDD4C591,0.2869,none,50.79,False,False
RAW,wts-lg-000139,73,36,36-49 px,1268205,612.68205],61268205,0.5045,none,34.01,False,False
ADAPTIVE,wts-lg-000139,73,36,36-49 px,1268205,612.68205],61268205,0.5045,none,34.03,False,False
RAW,wts-lg-000140,85,42,36-49 px,6MDU097,GHDU0?7,GHDU07,0.594,none,34.34,False,False
ADAPTIVE,wts-lg-000140,85,42,36-49 px,6MDU097,GHDU0?7,GHDU07,0.594,none,34.03,False,False
RAW,wts-lg-000141,83,41,36-49 px,1365847,1365847,1365847,0.974,none,34.73,True,True
ADAPTIVE,wts-lg-000141,83,41,36-49 px,1365847,1365847,1365847,0.974,none,35.49,True,True
RAW,wts-lg-000142,97,48,36-49 px,5TGN556,Ftgn556,FTGN556,0.1764,none,38.93,False,False
ADAPTIVE,wts-lg-000142,97,48,36-49 px,5TGN556,Ftgn556,FTGN556,0.1764,none,38.9,False,False
RAW,wts-lg-000143,89,44,36-49 px,3127K,13127K9,13127K9,0.2938,none,35.64,False,False
ADAPTIVE,wts-lg-000143,89,44,36-49 px,3127K,13127K9,13127K9,0.2938,none,33.16,False,False
RAW,wts-lg-000144,140,70,>=50 px,CWW2245,TEXAS CHU-2245,CHU2245,0.5862,none,70.49,False,False
ADAPTIVE,wts-lg-000144,140,70,>=50 px,CWW2245,TEXAS CHU-2245,CHU2245,0.5862,none,70.31,False,False
RAW,wts-lg-000145,81,40,36-49 px,4KBZ265,LKBZ2 65,LKBZ265,0.5239,none,35.7,False,False
ADAPTIVE,wts-lg-000145,81,40,36-49 px,4KBZ265,LKBZ2 65,LKBZ265,0.5239,none,36.13,False,False
RAW,wts-lg-000146,77,38,36-49 px,4EEU387,LffI387,LFFI387,0.1902,none,35.07,False,False
ADAPTIVE,wts-lg-000146,77,38,36-49 px,4EEU387,LffI387,LFFI387,0.1902,none,36.21,False,False
RAW,wts-lg-000147,73,36,36-49 px,8D79882,8079882,8079882,0.9422,none,36.32,False,False
ADAPTIVE,wts-lg-000147,73,36,36-49 px,8D79882,8079882,8079882,0.9422,none,35.58,False,False
RAW,wts-lg-000148,89,44,36-49 px,6TIX874,LTIXBZL,LTIXBZL,0.4297,none,34.34,False,False
ADAPTIVE,wts-lg-000148,89,44,36-49 px,6TIX874,LTIXBZL,LTIXBZL,0.4297,none,34.66,False,False
RAW,wts-lg-000149,86,43,36-49 px,6MWF778,GMWEZze,GMWEZZE,0.0788,none,40.69,False,False
ADAPTIVE,wts-lg-000149,86,43,36-49 px,6MWF778,GMWEZze,GMWEZZE,0.0788,none,40.76,False,False
RAW,wts-lg-000150,89,44,36-49 px,6WHS906,[6whs906,6WHS906,0.3925,none,35.45,False,True
ADAPTIVE,wts-lg-000150,89,44,36-49 px,6WHS906,[6whs906,6WHS906,0.3925,none,35.75,False,True
RAW,wts-lg-000151,79,39,36-49 px,5RIN962,SRiN962,SRIN962,0.3962,none,34.42,False,False
ADAPTIVE,wts-lg-000151,79,39,36-49 px,5RIN962,SRiN962,SRIN962,0.3962,none,36.97,False,False
RAW,wts-lg-000152,80,40,36-49 px,6UNP953,GUNP953],GUNP953,0.7526,none,35.99,False,False
ADAPTIVE,wts-lg-000152,80,40,36-49 px,6UNP953,GUNP953],GUNP953,0.7526,none,35.64,False,False
RAW,wts-lg-000154,95,47,36-49 px,1366026,1366026,1366026,0.7769,none,36.44,True,True
ADAPTIVE,wts-lg-000154,95,47,36-49 px,1366026,1366026,1366026,0.7769,none,35.94,True,True
RAW,wts-lg-000155,129,64,>=50 px,CYZ5139,TEXAS CYZ-5139 FEEREd,CYZ5139FEERED,0.5548,none,151.48,False,False
ADAPTIVE,wts-lg-000155,129,64,>=50 px,CYZ5139,TEXAS CYZ-5139 FEEREd,CYZ5139FEERED,0.5548,none,150.66,False,False
RAW,wts-lg-000156,80,40,36-49 px,5TZA419,5TZAL19,5TZAL19,0.6582,none,33.23,False,False
ADAPTIVE,wts-lg-000156,80,40,36-49 px,5TZA419,5TZAL19,5TZAL19,0.6582,none,34.6,False,False
RAW,wts-lg-000157,85,42,36-49 px,7EAV033,ZFAV033,ZFAV033,0.316,none,33.63,False,False
ADAPTIVE,wts-lg-000157,85,42,36-49 px,7EAV033,ZFAV033,ZFAV033,0.316,none,33.27,False,False
RAW,wts-lg-000158,138,69,>=50 px,CWM2998,TEXAS CHH-2998,CHH2998,0.9551,none,68.25,False,False
ADAPTIVE,wts-lg-000158,138,69,>=50 px,CWM2998,TEXAS CHH-2998,CHH2998,0.9551,none,77.67,False,False
RAW,wts-lg-000159,105,52,>=50 px,59E21P1,59321P1,59321P1,0.865,none,50.34,False,False
ADAPTIVE,wts-lg-000159,105,52,>=50 px,59E21P1,59321P1,59321P1,0.865,none,45.4,False,False
RAW,wts-lg-000160,88,44,36-49 px,8S16841,8516841,8516841,0.9904,none,34.26,False,False
ADAPTIVE,wts-lg-000160,88,44,36-49 px,8S16841,8516841,8516841,0.9904,none,35.32,False,False
RAW,wts-lg-000161,101,50,>=50 px,75061H1,[6x 75061h1|,6X75061H1,0.2571,none,64.52,False,False
ADAPTIVE,wts-lg-000161,101,50,>=50 px,75061H1,[6x 75061h1|,6X75061H1,0.2571,none,63.51,False,False
RAW,wts-lg-000162,141,70,>=50 px,CN2X798,TEXHS CN2+K798,TEXHSCN2K798,0.4037,none,69.78,False,False
ADAPTIVE,wts-lg-000162,141,70,>=50 px,CN2X798,TEXHS CN2+K798,TEXHSCN2K798,0.4037,none,70.01,False,False
RAW,wts-lg-000163,103,51,>=50 px,CDK575,CpK 575|,CPK575,0.1562,none,39.53,False,False
ADAPTIVE,wts-lg-000163,103,51,>=50 px,CDK575,CpK 575|,CPK575,0.1562,none,38.93,False,False
RAW,wts-lg-000164,136,68,>=50 px,BSB0399,TEXAS BSB-0399,BSB0399,0.63,none,70.0,False,True
ADAPTIVE,wts-lg-000164,136,68,>=50 px,BSB0399,TEXAS BSB-0399,BSB0399,0.63,none,70.23,False,True
RAW,wts-lg-000165,141,70,>=50 px,CGT2069,TEXAS CGT-2069,CGT2069,0.9854,none,79.83,False,True
ADAPTIVE,wts-lg-000165,141,70,>=50 px,CGT2069,TEXAS CGT-2069,CGT2069,0.9854,none,76.15,False,True
RAW,wts-lg-000166,76,38,36-49 px,4NZZ935,4Nzz935,4NZZ935,0.622,none,35.14,False,True
ADAPTIVE,wts-lg-000166,76,38,36-49 px,4NZZ935,4Nzz935,4NZZ935,0.622,none,34.7,False,True
RAW,wts-lg-000167,95,47,36-49 px,7AWV401,7AwVLO1,7AWVLO1,0.4772,none,37.31,False,False
ADAPTIVE,wts-lg-000167,95,47,36-49 px,7AWV401,7AwVLO1,7AWVLO1,0.4772,none,37.02,False,False
RAW,wts-lg-000168,163,81,>=50 px,RZN384,RZN 384,RZN384,0.7864,none,69.59,False,True
ADAPTIVE,wts-lg-000168,163,81,>=50 px,RZN384,RZN 384,RZN384,0.7864,none,68.56,False,True
RAW,wts-lg-000169,90,45,36-49 px,47366J1,L7366.J1,L7366J1,0.5892,none,33.51,False,False
ADAPTIVE,wts-lg-000169,90,45,36-49 px,47366J1,L7366.J1,L7366J1,0.5892,none,35.0,False,False
RAW,wts-lg-000170,91,45,36-49 px,5FLR236,EFLR2361,EFLR2361,0.4384,none,35.8,False,False
ADAPTIVE,wts-lg-000170,91,45,36-49 px,5FLR236,EFLR2361,EFLR2361,0.4384,none,35.13,False,False
RAW,wts-lg-000171,135,67,>=50 px,DCK6344,TEXAS DCK-6344,DCK6344,0.8528,none,72.35,False,True
ADAPTIVE,wts-lg-000171,135,67,>=50 px,DCK6344,TEXAS DCK-6344,DCK6344,0.8528,none,74.18,False,True
RAW,wts-lg-000172,83,41,36-49 px,8P62983,BP62983,BP62983,0.5579,none,35.46,False,False
ADAPTIVE,wts-lg-000172,83,41,36-49 px,8P62983,BP62983,BP62983,0.5579,none,35.13,False,False
RAW,wts-lg-000173,83,41,36-49 px,5FEE732,SFEE7321,SFEE7321,0.3186,none,35.8,False,False
ADAPTIVE,wts-lg-000173,83,41,36-49 px,5FEE732,SFEE7321,SFEE7321,0.3186,none,35.75,False,False
RAW,wts-lg-000174,91,45,36-49 px,5BDE732,SBDE7321,SBDE7321,0.6215,none,35.18,False,False
ADAPTIVE,wts-lg-000174,91,45,36-49 px,5BDE732,SBDE7321,SBDE7321,0.6215,none,35.68,False,False
RAW,wts-lg-000175,141,70,>=50 px,CWL9084,TEXAS CWL-9084,CWL9084,0.7382,none,75.66,False,True
ADAPTIVE,wts-lg-000175,141,70,>=50 px,CWL9084,TEXAS CWL-9084,CWL9084,0.7382,none,74.49,False,True
RAW,wts-lg-000176,145,72,>=50 px,BTZ7148,TEXAS BTZ:7148,BTZ7148,0.4733,none,68.77,False,True
ADAPTIVE,wts-lg-000176,145,72,>=50 px,BTZ7148,TEXAS BTZ:7148,BTZ7148,0.4733,none,69.2,False,True
RAW,wts-lg-000177,99,49,36-49 px,6ZWF846,6ZWF846,6ZWF846,0.7428,none,40.59,True,True
ADAPTIVE,wts-lg-000177,99,49,36-49 px,6ZWF846,6ZWF846,6ZWF846,0.7428,none,38.99,True,True
RAW,wts-lg-000178,79,39,36-49 px,6LSU216,GL.SU216,GLSU216,0.4703,none,35.08,False,False
ADAPTIVE,wts-lg-000178,79,39,36-49 px,6LSU216,GL.SU216,GLSU216,0.4703,none,33.7,False,False
RAW,wts-lg-000179,77,38,36-49 px,SL7J8R,(SL7 JBR',SL7JBR,0.1819,none,34.37,False,False
ADAPTIVE,wts-lg-000179,77,38,36-49 px,SL7J8R,(SL7 JBR',SL7JBR,0.1819,none,34.37,False,False
RAW,wts-lg-000181,117,58,>=50 px,PH5M9Y,Pis N9Y,PISN9Y,0.4992,none,52.32,False,False
ADAPTIVE,wts-lg-000181,117,58,>=50 px,PH5M9Y,Pis N9Y,PISN9Y,0.4992,none,53.18,False,False
RAW,wts-lg-000183,77,38,36-49 px,DK8F5L,Fke f5L,FKEF5L,0.1111,none,36.49,False,False
ADAPTIVE,wts-lg-000183,77,38,36-49 px,DK8F5L,Fke f5L,FKEF5L,0.1111,none,34.58,False,False
RAW,wts-lg-000186,93,46,36-49 px,AG0R6T,nGO Ret,NGORET,0.2017,none,34.59,False,False
ADAPTIVE,wts-lg-000186,93,46,36-49 px,AG0R6T,nGO Ret,NGORET,0.2017,none,34.8,False,False
RAW,wts-lg-000187,87,43,36-49 px,UJ5E1A,UJS ELA,UJSELA,0.1446,none,47.73,False,False
ADAPTIVE,wts-lg-000187,87,43,36-49 px,UJ5E1A,UJS ELA,UJSELA,0.1446,none,49.53,False,False
RAW,wts-lg-000188,85,42,36-49 px,UJ3V0J,,,0.0,none,23.03,False,False
ADAPTIVE,wts-lg-000188,85,42,36-49 px,UJ3V0J,,,0.0,none,23.38,False,False
RAW,wts-lg-000189,76,38,36-49 px,FK4W3L,Dm,DM,0.0417,none,47.04,False,False
ADAPTIVE,wts-lg-000189,76,38,36-49 px,FK4W3L,Dm,DM,0.0417,none,45.73,False,False
RAW,wts-lg-000190,99,49,36-49 px,6RYJ486,GRYJLB6,GRYJLB6,0.8088,none,38.28,False,False
ADAPTIVE,wts-lg-000190,99,49,36-49 px,6RYJ486,GRYJLB6,GRYJLB6,0.8088,none,38.62,False,False
RAW,wts-lg-000191,138,69,>=50 px,CDL4461,TEXAS CDL+4461,CDL4461,0.8079,none,71.47,False,True
ADAPTIVE,wts-lg-000191,138,69,>=50 px,CDL4461,TEXAS CDL+4461,CDL4461,0.8079,none,72.78,False,True
RAW,wts-lg-000192,84,42,36-49 px,5NWV468,SNNVLge,SNNVLGE,0.1008,none,34.84,False,False
ADAPTIVE,wts-lg-000192,84,42,36-49 px,5NWV468,SNNVLge,SNNVLGE,0.1008,none,34.83,False,False
RAW,wts-lg-000193,144,72,>=50 px,RZN384,RZN 384,RZN384,0.6395,none,56.12,False,True
ADAPTIVE,wts-lg-000193,144,72,>=50 px,RZN384,RZN 384,RZN384,0.6395,none,57.6,False,True
RAW,wts-lg-000194,83,41,36-49 px,7CID930,7CID930,7CID930,0.4174,none,52.76,True,True
ADAPTIVE,wts-lg-000194,83,41,36-49 px,7CID930,7CID930,7CID930,0.4174,none,34.48,True,True
RAW,wts-lg-000195,86,43,36-49 px,8D79882,8D79882},8D79882,0.3199,none,35.93,False,True
ADAPTIVE,wts-lg-000195,86,43,36-49 px,8D79882,8D79882},8D79882,0.3199,none,35.03,False,True
RAW,wts-lg-000196,136,68,>=50 px,DH7X317,TEXAS DHZ+K317],DHZK317,0.1987,none,70.67,False,False
ADAPTIVE,wts-lg-000196,136,68,>=50 px,DH7X317,TEXAS DHZ+K317],DHZK317,0.1987,none,70.13,False,False
RAW,wts-lg-000197,73,36,36-49 px,2MFZ746,ZHFZ7L6,ZHFZ7L6,0.8043,none,34.36,False,False
ADAPTIVE,wts-lg-000197,73,36,36-49 px,2MFZ746,ZHFZ7L6,ZHFZ7L6,0.8043,none,33.53,False,False
RAW,wts-lg-000199,78,39,36-49 px,J868321,LBs PL,LBSPL,0.113,none,35.83,False,False
ADAPTIVE,wts-lg-000199,78,39,36-49 px,J868321,LBs PL,LBSPL,0.113,none,34.75,False,False
