image_id,ground_truth_text,vehicle_detected,vehicle_count,primary_vehicle_conf,best_plate_iou,best_macro_containment,recall_iou_ge_025,recall_iou_ge_050,contained_in_macro_roi,failure_category,yolo_latency_ms,roi_latency_ms,oracle_ocr_pred,oracle_matched
0b86cecf-67d1-4fc0-87c9-b36b0ee228bb,YG9X2G,True,1,0.95,0.0,0.697,False,False,False,plate_outside_heuristic_roi,233.51,0.0118,,False
12c6cb72-3ea3-49e7-b381-e0cdfc5e8960,0SG719,True,2,0.93,0.0,0.0,False,False,False,multiple_vehicle_ambiguity,81.54,0.0123,,False
1e241dc8-8f18-4955-8988-03a0ab49f813,CCLVN3,True,1,0.91,0.0733,1.0,False,False,True,candidate_roi_too_large,79.9,0.0074,,False
21d8c31d-3deb-494b-9c63-c0223306fd82,2DA044,True,1,0.59,0.0,0.0,False,False,False,plate_outside_heuristic_roi,80.56,0.0078,,False
22e54a62-57a8-4a0a-88c1-4b9758f67651,SL7C6S,True,1,0.95,0.0,1.0,False,False,True,candidate_roi_too_large,79.14,0.0071,,False
316b64c0-55bf-4079-a1c0-d93f461a576f,K179658,True,1,0.92,0.0,0.7207,False,False,False,plate_outside_heuristic_roi,76.65,0.0071,,False
33fa5185-0286-4e8f-b775-46162eba39d4,R820503,True,1,0.96,0.0,0.1379,False,False,False,plate_outside_heuristic_roi,73.93,0.0091,,False
37170dd1-2802-4e38-b982-c5d07c64ff67,6HP995,True,1,0.84,0.0,1.0,False,False,True,candidate_roi_too_large,73.44,0.0066,,False
3850ba91-3c64-4c64-acba-0c46b61ec0da,HK0E7C,True,1,0.95,0.0,0.0,False,False,False,plate_outside_heuristic_roi,73.98,0.006,,False
4be2025c-09f7-4bb0-b1bd-8e8633e6dec1,UF2V5S,True,2,0.94,0.0,1.0,False,False,True,candidate_roi_too_large,73.18,0.0089,,False
5b562a61-34ad-4f00-9164-d34abb7a38e4,91A4ZA,True,1,0.95,0.0,1.0,False,False,True,candidate_roi_too_large,72.85,0.0062,,False
7fbfbe28-aecb-45be-bd05-7cf26acb3c5c,KC4Z3X,True,1,0.84,0.1967,1.0,False,False,True,candidate_roi_too_large,72.6,0.006,,False
a03ced3f-5a97-4e75-8106-fabfd2b8b76e,08E6CK,True,1,0.79,0.0,0.0,False,False,False,plate_outside_heuristic_roi,74.39,0.0059,,False
c9368c55-210d-456c-a5ef-c310e60039ec,UH1F0F,True,2,0.95,0.0,0.0,False,False,False,multiple_vehicle_ambiguity,73.47,0.009,,False
car1,627WWI,True,1,0.81,0.0,1.0,False,False,True,candidate_roi_too_large,125.13,0.006,,False
car11,DG3C8P,True,3,0.83,0.0,0.6341,False,False,False,multiple_vehicle_ambiguity,89.65,0.0114,,False
car12,5UVR090,True,6,0.45,0.0,1.0,False,False,True,candidate_roi_too_large,89.73,0.016,,False
car13,EMR7094,True,1,0.88,0.0,0.0,False,False,False,plate_outside_heuristic_roi,89.11,0.0062,,False
car14,980YTB,True,3,0.92,0.0959,1.0,False,False,True,candidate_roi_too_large,80.42,0.0106,,False
car15,KCS1M,True,1,0.94,0.0,0.4667,False,False,False,plate_outside_heuristic_roi,81.82,0.0061,,False
car16,002HHM,True,5,0.92,0.3034,1.0,True,False,True,success_iou_ge_025,81.71,0.0144,,False
car17,L781601,True,5,0.93,0.0,0.074,False,False,False,multiple_vehicle_ambiguity,85.87,0.0182,,False
car18,SB3X6N,True,6,0.95,0.0,0.6667,False,False,False,multiple_vehicle_ambiguity,83.07,0.0184,,False
car19,378DXR,False,0,0.0,0.0,0.0,False,False,False,no_vehicle_detected,82.81,0.0018,,False
car2,1049338,True,5,0.9,0.0,1.0,False,False,True,candidate_roi_too_large,88.41,0.0165,,False
car20,YG8E4F,True,3,0.92,0.0,0.7632,False,False,False,multiple_vehicle_ambiguity,87.48,0.0126,,False
car21,YF2L6G,True,2,0.94,0.0,0.4194,False,False,False,multiple_vehicle_ambiguity,87.41,0.0094,,False
car22,CH0P8Y,True,4,0.91,0.0,0.1852,False,False,False,multiple_vehicle_ambiguity,89.88,0.0155,,False
car3,1AMW240,True,2,0.89,0.065,1.0,False,False,True,candidate_roi_too_large,102.07,0.0104,,False
car5,59CADI,True,4,0.86,0.3162,1.0,True,False,True,success_iou_ge_025,80.58,0.0145,,False
car6,AKS4329,True,3,0.69,0.0,0.0,False,False,False,multiple_vehicle_ambiguity,89.04,0.0125,,False
car7,10DTM,True,1,0.94,0.0,0.0,False,False,False,plate_outside_heuristic_roi,84.74,0.0071,,False
car8,FZRULZ,True,2,0.55,0.5252,1.0,True,True,True,success_iou_ge_025,88.9,0.0099,RULZ,False
car9-0,133GZD,True,3,0.94,0.0009,0.7724,False,False,False,multiple_vehicle_ambiguity,77.66,0.0142,,False
car9-1,ASC7399,True,2,0.82,0.0,0.6631,False,False,False,multiple_vehicle_ambiguity,76.47,0.0108,,False
car9-2,4639520,True,17,0.95,0.0,0.2292,False,False,False,multiple_vehicle_ambiguity,75.72,0.0445,,False
car9-4,ANW2529,True,1,0.95,0.0,0.6909,False,False,False,plate_outside_heuristic_roi,76.92,0.0077,,False
car9-5,AYX8803,True,5,0.93,0.0,0.0,False,False,False,multiple_vehicle_ambiguity,75.4,0.0165,,False
car9-7,ASV9218,True,2,0.96,0.0,0.5441,False,False,False,multiple_vehicle_ambiguity,76.35,0.0099,,False
car9-9,AVP2403,True,2,0.91,0.0554,1.0,False,False,True,candidate_roi_too_large,76.85,0.0095,,False
car9,PE3R2X,True,7,0.89,0.0,0.0,False,False,False,multiple_vehicle_ambiguity,79.8,0.0438,,False
cfaa9dd2-a388-4e92-bb3a-ae65c28d8139,KL3B8K,True,1,0.87,0.0,1.0,False,False,True,candidate_roi_too_large,75.65,0.0073,,False
d4f79480-366a-40b6-ab2c-328bcba705b2,FB5X8T,True,1,0.95,0.0755,1.0,False,False,True,candidate_roi_too_large,73.95,0.006,,False
e73fd200-7ba4-4725-9d1d-2ec710864df6,8FV480,True,1,0.9,0.1147,1.0,False,False,True,candidate_roi_too_large,74.37,0.0063,,False
f0a3b8c0-198a-471b-9ca9-345c3dd28073,HB8X9J,True,1,0.95,0.1681,1.0,False,False,True,candidate_roi_too_large,73.53,0.0062,,False
f8fc5e59-9083-466b-ae3f-6b869a0b257b,UH1F0F,True,1,0.94,0.0,0.0,False,False,False,plate_outside_heuristic_roi,70.84,0.0062,,False
us1,4PCI264,True,3,0.96,0.0,0.3544,False,False,False,multiple_vehicle_ambiguity,71.85,0.0112,,False
us10,CC2881,True,1,0.68,0.4031,1.0,True,False,True,success_iou_ge_025,85.1,0.0074,LaLo8l,False
us2,EUS664,True,2,0.9,0.0,0.9107,False,False,True,candidate_roi_too_large,92.23,0.0085,,False
us3,9185914,True,1,0.9,0.1986,1.0,False,False,True,candidate_roi_too_large,92.79,0.0062,,False
us4,520MRK,False,0,0.0,0.0,0.0,False,False,False,no_vehicle_detected,86.03,0.0012,,False
us5,NEILDMND,True,2,0.68,0.0,0.9027,False,False,True,candidate_roi_too_large,101.03,0.009,,False
us6,HL0KTY1,True,1,0.88,0.184,1.0,False,False,True,candidate_roi_too_large,101.66,0.0065,,False
us7,5VCF203,True,1,0.4,0.1542,0.7123,False,False,False,plate_outside_heuristic_roi,94.48,0.0233,,False
us8,EAZ6913,True,1,0.49,0.2322,0.9695,False,False,True,candidate_roi_too_large,97.11,0.0061,,False
wts-lg-000010,HH9G5W,True,2,0.96,0.0088,1.0,False,False,True,candidate_roi_too_large,77.21,0.0095,,False
wts-lg-000011,MF2Y8X,True,1,0.87,0.0,0.9649,False,False,True,candidate_roi_too_large,83.18,0.0082,,False
wts-lg-000012,CK0A1F,True,2,0.93,0.0,0.05,False,False,False,multiple_vehicle_ambiguity,79.39,0.0087,,False
wts-lg-000013,DH5X9P,True,2,0.94,0.0082,1.0,False,False,True,candidate_roi_too_large,82.07,0.0085,,False
wts-lg-000014,DG2Z6U,True,1,0.93,0.0,0.0444,False,False,False,plate_outside_heuristic_roi,76.8,0.0058,,False
wts-lg-000016,DL3C2Z,True,2,0.78,0.0,1.0,False,False,True,candidate_roi_too_large,75.11,0.0086,,False
wts-lg-000017,7FR971,True,1,0.94,0.0468,1.0,False,False,True,candidate_roi_too_large,75.37,0.0057,,False
wts-lg-000018,CG2H2U,True,1,0.92,0.0,1.0,False,False,True,candidate_roi_too_large,72.33,0.0063,,False
wts-lg-000020,R107555,True,1,0.79,0.0,0.0,False,False,False,plate_outside_heuristic_roi,76.47,0.0064,,False
wts-lg-000021,BGB3282,True,1,0.96,0.0693,1.0,False,False,True,candidate_roi_too_large,77.78,0.0063,,False
wts-lg-000022,FNY881,True,2,0.88,0.0,0.7273,False,False,False,multiple_vehicle_ambiguity,75.41,0.0084,,False
wts-lg-000023,AU41257,True,1,0.8,0.0,0.4298,False,False,False,plate_outside_heuristic_roi,76.33,0.0063,,False
wts-lg-000024,P602849,True,3,0.94,0.0,0.0,False,False,False,multiple_vehicle_ambiguity,72.75,0.0107,,False
wts-lg-000025,TZC207,True,1,0.82,0.0,1.0,False,False,True,candidate_roi_too_large,71.35,0.0061,,False
wts-lg-000026,ML0C2S,True,1,0.94,0.0,0.0,False,False,False,plate_outside_heuristic_roi,72.8,0.006,,False
wts-lg-000027,SG8L7E,True,1,0.77,0.0,0.791,False,False,False,plate_outside_heuristic_roi,72.59,0.0058,,False
wts-lg-000028,SK2W6K,True,1,0.94,0.1802,1.0,False,False,True,candidate_roi_too_large,72.25,0.0055,,False
wts-lg-000029,AYE132,True,2,0.46,0.0,0.0789,False,False,False,multiple_vehicle_ambiguity,76.05,0.008,,False
wts-lg-000030,FK2X2Z,True,1,0.93,0.0,1.0,False,False,True,candidate_roi_too_large,73.42,0.0057,,False
wts-lg-000031,FE9N6K,True,1,0.94,0.0,1.0,False,False,True,candidate_roi_too_large,73.29,0.0077,,False
wts-lg-000032,21A1BX,True,2,0.83,0.0497,1.0,False,False,True,candidate_roi_too_large,71.64,0.0083,,False
wts-lg-000033,PK2V6M,True,1,0.93,0.2749,1.0,True,False,True,success_iou_ge_025,73.44,0.0067,IVGM,False
wts-lg-000034,HK5R9C,True,1,0.95,0.0,1.0,False,False,True,candidate_roi_too_large,75.67,0.0062,,False
wts-lg-000035,XNR374,True,1,0.81,0.0,0.0,False,False,False,plate_outside_heuristic_roi,92.35,0.006,,False
wts-lg-000036,TTP488,True,1,0.89,0.0,0.8387,False,False,True,candidate_roi_too_large,81.95,0.0053,,False
wts-lg-000037,RDN464,True,2,0.8,0.0,0.0909,False,False,False,multiple_vehicle_ambiguity,74.84,0.0088,,False
wts-lg-000038,78188,True,1,0.86,0.0,1.0,False,False,True,candidate_roi_too_large,76.46,0.0068,,False
wts-lg-000039,VLX039,True,1,0.82,0.2988,1.0,True,False,True,success_iou_ge_025,85.1,0.0063,JLKO?,False
wts-lg-000040,WD2R9B,True,1,0.95,0.1825,1.0,False,False,True,candidate_roi_too_large,81.21,0.0058,,False
wts-lg-000041,5LTA600,True,2,0.94,0.0,1.0,False,False,True,candidate_roi_too_large,79.66,0.0086,,False
wts-lg-000042,SK5K9V,True,2,0.9,0.0,0.2639,False,False,False,multiple_vehicle_ambiguity,85.57,0.0077,,False
wts-lg-000043,FB8R4T,True,1,0.95,0.0,0.7111,False,False,False,plate_outside_heuristic_roi,76.13,0.0059,,False
wts-lg-000044,AJK7551,True,1,0.93,0.0435,1.0,False,False,True,candidate_roi_too_large,76.8,0.0063,,False
wts-lg-000045,HF4Y3B,True,1,0.94,0.0,0.8462,False,False,True,candidate_roi_too_large,75.18,0.0053,,False
wts-lg-000046,BFN8484,True,1,0.86,0.0427,1.0,False,False,True,candidate_roi_too_large,85.46,0.0057,,False
wts-lg-000047,CLT0108,True,6,0.92,0.0523,1.0,False,False,True,candidate_roi_too_large,73.81,0.0159,,False
wts-lg-000048,FE5R2D,True,3,0.92,0.1568,1.0,False,False,True,candidate_roi_too_large,73.32,0.0108,,False
wts-lg-000049,WG4L2M,True,1,0.95,0.0085,1.0,False,False,True,candidate_roi_too_large,72.19,0.0054,,False
wts-lg-000050,HB6L0Z,True,1,0.93,0.0,1.0,False,False,True,candidate_roi_too_large,72.35,0.0059,,False
wts-lg-000051,PJ2X1V,True,1,0.95,0.0659,1.0,False,False,True,candidate_roi_too_large,76.22,0.0052,,False
wts-lg-000052,DK7J8G,True,1,0.97,0.0,1.0,False,False,True,candidate_roi_too_large,73.92,0.0067,,False
wts-lg-000053,TNP222,True,2,0.96,0.005,1.0,False,False,True,candidate_roi_too_large,70.03,0.0081,,False
wts-lg-000055,TRZ951,True,1,0.94,0.1739,1.0,False,False,True,candidate_roi_too_large,73.71,0.0059,,False
wts-lg-000056,SZA679,True,1,0.96,0.0421,1.0,False,False,True,candidate_roi_too_large,75.56,0.0057,,False
wts-lg-000057,YBW23,True,2,0.92,0.0,1.0,False,False,True,candidate_roi_too_large,72.65,0.0087,,False
wts-lg-000058,CEMENT0,True,1,0.81,0.1535,1.0,False,False,True,candidate_roi_too_large,73.63,0.0068,,False
wts-lg-000059,WXW835,True,2,0.75,0.0,1.0,False,False,True,candidate_roi_too_large,71.34,0.0079,,False
wts-lg-000060,TVG399,True,1,0.95,0.0,1.0,False,False,True,candidate_roi_too_large,71.71,0.0064,,False
wts-lg-000061,DK2Z5S,True,1,0.92,0.4594,1.0,True,False,True,success_iou_ge_025,76.5,0.0057,DaZozss,False
wts-lg-000062,GT679A,True,1,0.87,0.0,1.0,False,False,True,candidate_roi_too_large,73.75,0.006,,False
wts-lg-000063,FA8M7S,False,0,0.0,0.0,0.0,False,False,False,no_vehicle_detected,88.85,0.0012,,False
wts-lg-000064,UH1N2A,True,2,0.71,0.0,0.0,False,False,False,multiple_vehicle_ambiguity,75.55,0.0084,,False
wts-lg-000065,AC0M7V,True,1,0.94,0.0,0.7455,False,False,False,plate_outside_heuristic_roi,71.8,0.0057,,False
wts-lg-000066,SGTE5,True,1,0.86,0.0,0.9375,False,False,True,candidate_roi_too_large,72.51,0.0062,,False
wts-lg-000067,8951283,True,1,0.92,0.4306,1.0,True,False,True,success_iou_ge_025,76.4,0.0055,89512083,False
wts-lg-000068,N359973,True,1,0.96,0.0,1.0,False,False,True,candidate_roi_too_large,81.08,0.0056,,False
wts-lg-000069,TWF220,True,1,0.94,0.4726,1.0,True,False,True,success_iou_ge_025,75.15,0.0065,220,False
wts-lg-000070,WXY184,True,1,0.83,0.0036,1.0,False,False,True,candidate_roi_too_large,74.63,0.0061,,False
wts-lg-000071,WSG979,True,1,0.96,0.0636,1.0,False,False,True,candidate_roi_too_large,79.44,0.0054,,False
wts-lg-000072,WTC249,True,3,0.52,0.0,0.1017,False,False,False,multiple_vehicle_ambiguity,78.81,0.0121,,False
wts-lg-000073,5VDA555,True,2,0.96,0.0,0.8085,False,False,True,candidate_roi_too_large,74.62,0.0086,,False
wts-lg-000074,AG6V1W,True,2,0.9,0.2558,1.0,True,False,True,success_iou_ge_025,73.04,0.008,ag6-,False
wts-lg-000075,6LKR481,True,1,0.87,0.0,1.0,False,False,True,candidate_roi_too_large,73.78,0.0057,,False
wts-lg-000076,4GLS168,True,1,0.78,0.2015,1.0,False,False,True,candidate_roi_too_large,74.27,0.0059,,False
wts-lg-000077,5ZUC921,True,1,0.92,0.206,1.0,False,False,True,candidate_roi_too_large,72.46,0.0056,,False
wts-lg-000078,5EZP631,True,1,0.93,0.007,1.0,False,False,True,candidate_roi_too_large,72.01,0.0059,,False
wts-lg-000079,FD7U4U,True,2,0.6,0.0,0.0,False,False,False,multiple_vehicle_ambiguity,74.95,0.008,,False
wts-lg-000080,YD6L3C,True,1,0.94,0.1954,1.0,False,False,True,candidate_roi_too_large,69.91,0.0063,,False
wts-lg-000082,CJUJ79,True,1,0.75,0.0774,1.0,False,False,True,candidate_roi_too_large,85.4,0.0071,,False
wts-lg-000083,N2427E,True,4,0.95,0.0,1.0,False,False,True,candidate_roi_too_large,88.81,0.0132,,False
wts-lg-000084,5AEA911,True,1,0.96,0.0,1.0,False,False,True,candidate_roi_too_large,71.24,0.0074,,False
wts-lg-000085,5DJ0529,True,1,0.76,0.2928,1.0,True,False,True,success_iou_ge_025,74.83,0.0061,,False
wts-lg-000086,ATGL04,True,1,0.88,0.0,0.4286,False,False,False,plate_outside_heuristic_roi,77.2,0.0066,,False
wts-lg-000087,383WJP,True,1,0.96,0.0,1.0,False,False,True,candidate_roi_too_large,76.61,0.006,,False
wts-lg-000088,CCV020,True,1,0.95,0.0,0.8148,False,False,True,candidate_roi_too_large,77.17,0.0058,,False
wts-lg-000089,YF2U68,True,2,0.93,0.1838,1.0,False,False,True,candidate_roi_too_large,76.67,0.0086,,False
wts-lg-000090,MH6V4L,True,1,0.94,0.0,0.7111,False,False,False,plate_outside_heuristic_roi,73.53,0.0061,,False
wts-lg-000091,MJ3R1V,True,2,0.95,0.0,0.0,False,False,False,multiple_vehicle_ambiguity,78.78,0.0088,,False
wts-lg-000094,CJ8P4V,True,2,0.53,0.2668,1.0,True,False,True,success_iou_ge_025,77.34,0.0094,,False
wts-lg-000095,4FCW533,True,1,0.95,0.0,1.0,False,False,True,candidate_roi_too_large,79.63,0.0061,,False
wts-lg-000096,CJ1P5G,True,1,0.95,0.0,0.6125,False,False,False,plate_outside_heuristic_roi,73.76,0.0058,,False
wts-lg-000097,R589789,True,3,0.93,0.5551,1.0,True,True,True,success_iou_ge_025,73.59,0.0109,P5b  97891,False
wts-lg-000098,UG9L8U,True,2,0.79,0.1729,1.0,False,False,True,candidate_roi_too_large,76.32,0.0083,,False
wts-lg-000099,UG9L8U,True,1,0.67,0.1286,1.0,False,False,True,candidate_roi_too_large,75.93,0.006,,False
wts-lg-000100,SH0R7X,True,2,0.94,0.0205,1.0,False,False,True,candidate_roi_too_large,75.46,0.0082,,False
wts-lg-000101,SH0R7X,True,1,0.78,0.0,0.9895,False,False,True,candidate_roi_too_large,72.15,0.0065,,False
wts-lg-000102,DL9E1U,True,2,0.94,0.0646,1.0,False,False,True,candidate_roi_too_large,73.26,0.0086,,False
wts-lg-000106,3MVV252,True,2,0.95,0.0,1.0,False,False,True,candidate_roi_too_large,77.01,0.008,,False
wts-lg-000113,AG4V3U,True,1,0.96,0.1064,1.0,False,False,True,candidate_roi_too_large,73.35,0.0053,,False
wts-lg-000115,HH9G5W,True,2,0.96,0.056,1.0,False,False,True,candidate_roi_too_large,71.15,0.0077,,False
wts-lg-000117,D315771,True,2,0.96,0.0,1.0,False,False,True,candidate_roi_too_large,73.06,0.0088,,False
wts-lg-000118,853FL,True,1,0.96,0.0,1.0,False,False,True,candidate_roi_too_large,74.39,0.0058,,False
wts-lg-000119,6RJN062,True,1,0.95,0.0,0.4634,False,False,False,plate_outside_heuristic_roi,71.07,0.0078,,False
wts-lg-000120,5CJP303,True,1,0.85,0.0,1.0,False,False,True,candidate_roi_too_large,71.95,0.0054,,False
wts-lg-000121,6MMD595,True,2,0.92,0.1987,1.0,False,False,True,candidate_roi_too_large,74.71,0.008,,False
wts-lg-000122,DK0H7Z,True,1,0.95,0.0121,1.0,False,False,True,candidate_roi_too_large,72.45,0.0055,,False
wts-lg-000123,6XIU641,True,1,0.93,0.2206,1.0,False,False,True,candidate_roi_too_large,72.02,0.0079,,False
wts-lg-000124,5NCP692,True,1,0.94,0.3929,1.0,True,False,True,success_iou_ge_025,73.53,0.0063,Enlp672,False
wts-lg-000125,5TQY867,True,1,0.94,0.1037,1.0,False,False,True,candidate_roi_too_large,75.46,0.006,,False
wts-lg-000126,6NZT067,True,1,0.92,0.0,0.0,False,False,False,plate_outside_heuristic_roi,109.27,0.0066,,False
wts-lg-000127,5AZL613,True,1,0.96,0.0,1.0,False,False,True,candidate_roi_too_large,74.96,0.0066,,False
wts-lg-000128,6MMD595,True,2,0.96,0.0217,1.0,False,False,True,candidate_roi_too_large,72.97,0.0093,,False
wts-lg-000129,CRK4732,True,1,0.89,0.0921,1.0,False,False,True,candidate_roi_too_large,74.19,0.006,,False
wts-lg-000130,6PGM335,True,1,0.96,0.0,1.0,False,False,True,candidate_roi_too_large,72.28,0.0055,,False
wts-lg-000131,00256M1,True,1,0.92,0.3308,1.0,True,False,True,success_iou_ge_025,74.87,0.0063,10256h1,False
wts-lg-000132,7AHN739,True,1,0.91,0.0,0.675,False,False,False,plate_outside_heuristic_roi,77.38,0.0059,,False
wts-lg-000133,5L0D951,True,1,0.91,0.0,1.0,False,False,True,candidate_roi_too_large,76.54,0.006,,False
wts-lg-000134,6WAW786,True,1,0.9,0.0,1.0,False,False,True,candidate_roi_too_large,75.61,0.006,,False
wts-lg-000135,CWM3083,True,1,0.72,0.0081,1.0,False,False,True,candidate_roi_too_large,74.53,0.0059,,False
wts-lg-000136,CYZ5139,True,1,0.93,0.0,0.5714,False,False,False,plate_outside_heuristic_roi,75.11,0.0056,,False
wts-lg-000137,CWW2245,True,2,0.75,0.0,0.5143,False,False,False,multiple_vehicle_ambiguity,71.72,0.0088,,False
wts-lg-000138,DD4C591,True,2,0.91,0.4787,1.0,True,False,True,success_iou_ge_025,73.31,0.0084,TELiS DD4-C591,False
wts-lg-000139,1268205,True,2,0.71,0.0,0.6667,False,False,False,multiple_vehicle_ambiguity,79.09,0.0094,,False
wts-lg-000140,6MDU097,True,1,0.94,0.0528,1.0,False,False,True,candidate_roi_too_large,76.27,0.0067,,False
wts-lg-000141,1365847,True,1,0.87,0.0,0.2936,False,False,False,plate_outside_heuristic_roi,75.3,0.0084,,False
wts-lg-000142,5TGN556,True,2,0.73,0.0,0.4536,False,False,False,multiple_vehicle_ambiguity,73.95,0.0081,,False
wts-lg-000143,3127K,True,1,0.95,0.0053,1.0,False,False,True,candidate_roi_too_large,73.41,0.0058,,False
wts-lg-000144,CWW2245,True,2,0.66,0.0,0.5286,False,False,False,multiple_vehicle_ambiguity,71.59,0.008,,False
wts-lg-000145,4KBZ265,True,1,0.92,0.1315,1.0,False,False,True,candidate_roi_too_large,73.01,0.0063,,False
wts-lg-000146,4EEU387,True,1,0.96,0.0,0.9211,False,False,True,candidate_roi_too_large,74.27,0.0077,,False
wts-lg-000147,8D79882,True,1,0.63,0.0,0.8889,False,False,True,candidate_roi_too_large,71.69,0.0063,,False
wts-lg-000148,6TIX874,True,2,0.93,0.0,1.0,False,False,True,candidate_roi_too_large,72.75,0.0085,,False
wts-lg-000149,6MWF778,True,1,0.95,0.0,1.0,False,False,True,candidate_roi_too_large,75.05,0.0056,,False
wts-lg-000150,6WHS906,True,1,0.95,0.0,1.0,False,False,True,candidate_roi_too_large,71.84,0.0055,,False
wts-lg-000151,5RIN962,True,1,0.93,0.0,0.0,False,False,False,plate_outside_heuristic_roi,72.53,0.0067,,False
wts-lg-000152,6UNP953,True,1,0.94,0.0,0.125,False,False,False,plate_outside_heuristic_roi,81.31,0.0062,,False
wts-lg-000154,1366026,True,1,0.91,0.0,1.0,False,False,True,candidate_roi_too_large,81.34,0.0069,,False
wts-lg-000155,CYZ5139,True,1,0.95,0.0,0.6094,False,False,False,plate_outside_heuristic_roi,75.54,0.0065,,False
wts-lg-000156,5TZA419,True,1,0.95,0.3064,1.0,True,False,True,success_iou_ge_025,74.47,0.0071,ZAL19,False
wts-lg-000157,7EAV033,True,3,0.88,0.1399,1.0,False,False,True,candidate_roi_too_large,76.62,0.0136,,False
wts-lg-000158,CWM2998,True,1,0.88,0.0,0.7971,False,False,False,plate_outside_heuristic_roi,76.73,0.0065,,False
wts-lg-000159,59E21P1,True,1,0.81,0.0,0.3846,False,False,False,plate_outside_heuristic_roi,76.51,0.0067,,False
wts-lg-000160,8S16841,True,2,0.9,0.1698,1.0,False,False,True,candidate_roi_too_large,77.66,0.0088,,False
wts-lg-000161,75061H1,True,1,0.88,0.1109,1.0,False,False,True,candidate_roi_too_large,73.87,0.0069,,False
wts-lg-000162,CN2X798,True,1,0.93,0.0,0.7429,False,False,False,plate_outside_heuristic_roi,75.19,0.0068,,False
wts-lg-000163,CDK575,True,1,0.84,0.0,0.0,False,False,False,plate_outside_heuristic_roi,74.35,0.0067,,False
wts-lg-000164,BSB0399,True,2,0.83,0.0,0.2794,False,False,False,multiple_vehicle_ambiguity,73.33,0.0106,,False
wts-lg-000165,CGT2069,True,2,0.76,0.0,0.0429,False,False,False,multiple_vehicle_ambiguity,74.27,0.0101,,False
wts-lg-000166,4NZZ935,True,2,0.94,0.0,0.1842,False,False,False,multiple_vehicle_ambiguity,73.24,0.0088,,False
wts-lg-000167,7AWV401,True,1,0.88,0.0971,1.0,False,False,True,candidate_roi_too_large,73.82,0.0066,,False
wts-lg-000168,RZN384,True,1,0.77,0.0287,1.0,False,False,True,candidate_roi_too_large,92.12,0.0059,,False
wts-lg-000169,47366J1,True,2,0.93,0.3879,1.0,True,False,True,success_iou_ge_025,70.66,0.0087,L7366J1,False
wts-lg-000170,5FLR236,True,1,0.96,0.0,1.0,False,False,True,candidate_roi_too_large,75.2,0.0063,,False
wts-lg-000171,DCK6344,True,2,0.59,0.0,0.0,False,False,False,multiple_vehicle_ambiguity,73.98,0.0105,,False
wts-lg-000172,8P62983,True,2,0.68,0.0,1.0,False,False,True,candidate_roi_too_large,74.37,0.0085,,False
wts-lg-000173,5FEE732,True,1,0.94,0.0,0.9024,False,False,True,candidate_roi_too_large,73.57,0.0057,,False
wts-lg-000174,5BDE732,True,2,0.96,0.0,1.0,False,False,True,candidate_roi_too_large,72.52,0.0087,,False
wts-lg-000175,CWL9084,True,1,0.87,0.0633,1.0,False,False,True,candidate_roi_too_large,72.25,0.0057,,False
wts-lg-000176,BTZ7148,True,1,0.91,0.0817,1.0,False,False,True,candidate_roi_too_large,71.88,0.0063,,False
wts-lg-000177,6ZWF846,True,1,0.96,0.0,0.7347,False,False,False,plate_outside_heuristic_roi,76.42,0.0062,,False
wts-lg-000178,6LSU216,True,2,0.86,0.1265,1.0,False,False,True,candidate_roi_too_large,76.65,0.0091,,False
wts-lg-000179,SL7J8R,True,1,0.95,0.0,0.8684,False,False,True,candidate_roi_too_large,76.75,0.0061,,False
wts-lg-000181,PH5M9Y,True,1,0.96,0.1266,1.0,False,False,True,candidate_roi_too_large,71.83,0.0061,,False
wts-lg-000183,DK8F5L,True,2,0.94,0.0,0.0,False,False,False,multiple_vehicle_ambiguity,72.21,0.0089,,False
wts-lg-000186,AG0R6T,True,2,0.95,0.0,0.7097,False,False,False,multiple_vehicle_ambiguity,76.76,0.0105,,False
wts-lg-000187,UJ5E1A,True,1,0.94,0.0844,1.0,False,False,True,candidate_roi_too_large,89.69,0.0058,,False
wts-lg-000188,UJ3V0J,True,1,0.95,0.018,1.0,False,False,True,candidate_roi_too_large,73.3,0.0057,,False
wts-lg-000189,FK4W3L,True,1,0.95,0.0353,1.0,False,False,True,candidate_roi_too_large,72.34,0.0061,,False
wts-lg-000190,6RYJ486,True,1,0.95,0.0,0.7143,False,False,False,plate_outside_heuristic_roi,71.1,0.006,,False
wts-lg-000191,CDL4461,True,2,0.77,0.5314,1.0,True,True,True,success_iou_ge_025,70.11,0.0088,"""TexAs CDL-+4461",False
wts-lg-000192,5NWV468,True,2,0.95,0.0613,1.0,False,False,True,candidate_roi_too_large,92.4,0.0088,,False
wts-lg-000193,RZN384,True,1,0.88,0.1824,1.0,False,False,True,candidate_roi_too_large,86.46,0.0067,,False
wts-lg-000194,7CID930,True,2,0.9,0.0,0.0,False,False,False,multiple_vehicle_ambiguity,77.72,0.0089,,False
wts-lg-000195,8D79882,True,1,0.84,0.2005,1.0,False,False,True,candidate_roi_too_large,76.29,0.0065,,False
wts-lg-000196,DH7X317,True,1,0.89,0.2677,1.0,True,False,True,success_iou_ge_025,77.4,0.0065,7-K317],False
wts-lg-000197,2MFZ746,True,2,0.8,0.0,0.0,False,False,False,multiple_vehicle_ambiguity,82.73,0.0083,,False
wts-lg-000199,J868321,True,3,0.96,0.0068,1.0,False,False,True,candidate_roi_too_large,78.33,0.0112,,False
